Abbot; Charles (1757 - 1829); 1st Baron Colchester,Fellow,14/02/1793
Abbot; John Farr (1756 - 1794),Fellow,20/06/1793
Abdool Karim; Salim Safurdeen,Fellow,28/03/2019
Abeille; Louis Paul (1719 - 1807),Fellow,22/04/1762
Abel; Clarke (c 1780 - 1826),Fellow,11/03/1819
Abel; John Jacob (1857 - 1938),Foreign Member,19/05/1938
Abel; Sir; Frederick Augustus (1827 - 1902),Fellow,7/06/1860
Abell; Christopher,Fellow,28/04/2016
Abercrombie; Michael (1912 - 1979),Fellow,20/03/1958
Abernethy; John (1764 - 1831); Surgeon,Fellow,14/04/1796
Abgali; Mohammed Ben Ali (fl 1726 - 1737),Fellow,24/03/1726
Abney; Sir; William de Wiveleslie (1843 - 1920),Fellow,1/06/1876
Abragam; Anatole,Foreign Member,30/06/1983
Abraham; Sir; Edward Penley (1913 - 1999),Fellow,20/03/1958
Abramsky; Samson,Fellow,27/05/2004
Abrikosov; Alexei Alekseyevich,Foreign Member,10/05/2001
Achtman; Mark,Fellow,30/04/2015
Acland; Sir; Henry Wentworth Dyke (1815 - 1900),Fellow,21/01/1847
Acland; Sir; Thomas Dyke (1809 - 1898),Fellow,20/06/1839
Adair; Gilbert Smithson (1896 - 1979),Fellow,16/03/1939
Adair; James (c 1743 - 1798),Fellow,10/04/1788
Adair; John (? 1647 - 1718),Fellow,30/11/1688
Adair; Robert Alexander Shafto (1811 - 1886); 1st Baron Waveney,Fellow,05/06/1845
Adam; Neil Kensington (1891 - 1973),Fellow,16/05/1935
Adam; Robert (1728 - 1792),Fellow,7/05/1761
Adami; John George (1862 - 1926),Fellow,11/05/1905
Adams; Alfred Rodney,Fellow,14/03/1996
Adams; Andrew Leith (1827 - 1882),Fellow,6/06/1872
Adams; Frank Dawson (1859 - 1942),Fellow,02/05/1907
Adams; Jerry McKee,Fellow,12/03/1992
Adams; John Couch (1819 - 1892); Astronomer,Fellow,07/06/1849
Adams; John Frank (1930 - 1989),Fellow,19/03/1964
Adams; Paul Richard,Fellow,14/03/1991
Adams; Sir; John Bertram (1920 - 1984),Fellow,21/03/1963
Adams; Walter Sydney (1876 - 1956),Foreign Member,27/04/1950
Adams; William Grylls (1836 - 1915),Fellow,6/06/1872
Adanson; Michel (1727 - 1806),Fellow,22/01/1761
Addison; Cyril Clifford (1913 - 1994),Fellow,19/03/1970
Addison; William (1802 - 1881),Fellow,29/01/1846
Adee; Swithin (c 1704 - 1786),Fellow,6/12/1744
Adler; Saul (1895 - 1966),Fellow,21/03/1957
Adrian; Edgar Douglas (1889 - 1977); 1st Baron Adrian of Cambridge; Physiologist,Fellow,03/05/1923
Adrian; Richard Hume (1927 - 1995); 2nd Baron Adrian of Cambridge,Fellow,17/03/1977
Aeppli; Gabriel,Fellow,20/05/2010
Affleck; Ian,Fellow,20/05/2010
Afzelius; Adam (1750 - 1837),Fellow,19/04/1798
Aga; Cassem Algiada (fl 1728 - 1738),Fellow,5/12/1728
Agar-Ellis; George James Welbore (1797 - 1833); 1st Baron Dover,Fellow,7/11/1816
Agar; George Charles (1780 - 1856),Fellow,9/06/1832
Agar; Welbore Ellis (c 1736 - 1805),Fellow,22/03/1781
Agar; Wilfred Eade (1882 - 1951),Fellow,12/05/1921
Agarwal; Girish Saran; Professor,Fellow,15/05/2008
Agarwal; Girish Saran; Professor,Fellow,15/05/2008
Agassiz; Alexander Emmanuel Rodolphe (1835 - 1910),Foreign Member,26/11/1891
Agassiz; Jean Louis Rodolphe (1807 - 1873),Foreign Member,20/12/1838
Aggarwal; Varinder Kumar,Fellow,19/04/2012
Aggleton; John,Fellow,19/04/2012
Aglionby; William (c 1642 - 1705),Fellow,7/11/1667
Agricola; George Andre (1672 - 1738),Fellow,11/01/1699
Ahlers; Cyriacus (fl 1727 - 1756),Fellow,9/03/1727
Ainsworth; Robert Anthony,Fellow,14/05/2009
Airy; Sir; George Biddell (1801 - 1892); Astronomer and Mathematician,Fellow,21/01/1836
Aitchison; James Edward Tierney (1835 - 1898),Fellow,7/06/1883
Aitken; Alexander Craig (1895 - 1967),Fellow,07/05/1936
Aitken; John (1839 - 1919),Fellow,6/06/1889
Aitken; Martin Jim (1922 - 2017),Fellow,17/03/1983
Aitken; Sir; William (1825 - 1892),Fellow,12/06/1873
Akam; Michael Edwin,Fellow,11/05/2000
Akenside; Mark (1721 - 1770),Fellow,8/02/1753
Akers; Sir; Wallace Alan (1888 - 1954),Fellow,20/03/1952
Akhtar; Muhammad,Fellow,20/03/1980
Al-Khalili; Jim Sadik,Fellow,09/05/2018
"Aland; John Fortescue, 1st Baron Fortescue of Credan (1670 - 1746)",Fellow,20/03/1712
Alavbi; Ali,Fellow,30/04/2015
Albert (1819 - 1861); Prince Consort of Queen Victoria,Royal Fellow,30/04/1840
Albertini; Giambattista (1715 - 1788),Fellow,11/12/1760
Alberts; Bruce Michael; Dr,Foreign Member,17/06/1993
Albery; Wyndham John (1936 - 2013),Fellow,21/03/1985
Albinus; Bernard Siegfried (1697 - 1770),Fellow,23/02/1764
Alcock; Alfred William (1859 - 1933),Fellow,06/06/1901
Alcock; Nathan (1707 - 1779),Fellow,25/01/1750
Alder; Roger William,Fellow,18/05/2006
Aldersey; Robert (- 1802),Fellow,3/07/1794
Alderson; Sir; James (1794 - 1882),Fellow,17/06/1841
Aldous; David John,Fellow,10/03/1994
Alembert; Jean le Rond d' (1717 - 1783),Fellow,22/12/1748
Alessi; Dario Renato; Professor,Fellow,15/05/2008
Alexander; Henry (c 1782 - 1859),Fellow,22/04/1847
Alexander; Robert (1795 - 1843),Fellow,26/11/1835
Alexander; Robert McNeill (1934 - 2016),Fellow,19/03/1987
Alfred Ernest Albert (1844 - 1900); Duke of Edinburgh and Duke of Saxe-Coburg and Gotha,Royal Fellow,16/03/1882
Alfven; Hannes Olof Gosta (1908 - 1995),Foreign Member,24/04/1980
Algarotti; Francesco (1712 - 1764),Fellow,8/07/1736
Alison; Archibald (1757 - 1839),Fellow,15/11/1792
Allamand; Johann Nicholaus Sebastian (1713 - 1787),Fellow,22/01/1747
Allan; Thomas (1777 - 1833),Fellow,6/04/1815
Allbutt; Sir; Thomas Clifford (1836 - 1925),Fellow,3/06/1880
Allegre; Claude Jean,Foreign Member,13/05/2002
Allen; Edgar Johnson (1866 - 1942),Fellow,07/05/1914
Allen; Edmond (- 1763),Fellow,12/05/1726
Allen; Herbert Stanley (1873 - 1954),Fellow,15/05/1930
Allen; John (c 1660 - 1741),Fellow,22/10/1730
Allen; John Frank (1908 - 2001),Fellow,17/03/1949
Allen; John Robert Laurence,Fellow,15/03/1979
Allen; Norman Percy (1903 - 1972),Fellow,15/03/1956
Allen; Percival (1917 - 2008),Fellow,15/03/1973
Allen; Sir; Geoffrey,Fellow,18/03/1976
Allen; Thomas (- 1684),Fellow,6/02/1668
Allen; William (1770 - 1843),Fellow,19/11/1807
Allen; William (1793 - 1864),Fellow,18/11/1841
Alley; Richard B,Foreign Member,30/04/2014
Alleyn; John (1621 - 1663),Original Fellow,20/05/1663
Alleyne; John (- 1777),Fellow,16/05/1776
Allibone; Thomas Edward (1903 - 2003); Physicist,Fellow,18/03/1948
Allioni; Carlo (1725 - 1804),Fellow,6/04/1758
Allix; William (c 1689 - 1769),Fellow,25/01/1753
Allman; George James (1812 - 1898),Fellow,1/06/1854
Allman; George Johnston (1824 - 1904),Fellow,12/06/1884
Allmand; Arthur John (1885 - 1951),Fellow,02/05/1929
Allonville; Jacques Eugene d' (1671 - 1732); Chevalier de Louville,Fellow,9/06/1715
Allshire; Robin Campbell,Fellow,19/05/2011
Almeyda; Theodore de (1722 - 1803),Fellow,9/03/1758
Alpers; Michael Philip,Fellow,15/05/2008
Alruz; Johann Wilhelm (- 1755),Fellow,6/11/1729
Alstroemer; John (1742 - 1786),Fellow,24/12/1778
Althorp; George John (1758 - 1834); 2nd Earl Spencer,Fellow,6/04/1780
Althorp; John Charles (1782 - 1845); 3rd Earl Spencer,Fellow,16/11/1820
Amagat; Emile Hilaire (1841 - 1915),Foreign Member,4/03/1897
Amaldi; Edoardo (1908 - 1989),Foreign Member,25/04/1968
Ambartsumian; Viktor Amazaspovich (1908 - 1996),Foreign Member,24/04/1969
Ames; Joseph (1689 - 1759),Fellow,15/12/1743
Amman; John (1707 - 1741),Fellow,18/03/1731
Amoroso; Emmanuel Ciprian (1901 - 1982),Fellow,21/03/1957
Amos; William Bradshaw,Fellow,17/05/2007
Ampere; Andre-Marie (1775 - 1836),Foreign Member,8/03/1827
Amyand; Claude (- 1740),Fellow,5/04/1716
Amyot; Thomas (1775 - 1850),Fellow,22/01/1824
Anderdon; John Proctor (c 1761 - 1846),Fellow,23/05/1811
Andersen; Per Oskar,Foreign Member,13/05/2002
Anderson; Brian David Outram,Fellow,16/03/1989
Anderson; Donald Thomas,Fellow,17/03/1977
Anderson; Ephraim Saul (1911 - 2006),Fellow,21/03/1968
Anderson; Harold [Harry] Laurence (1964 -),Fellow,02/05/2013
Anderson; Jan Mary (1952 - 2015),Fellow,14/03/1996
Anderson; John (1726 - 1796),Fellow,1/02/1759
Anderson; John (1833 - 1900),Fellow,12/06/1879
Anderson; John (1882 - 1958); 1st Viscount Waverley,Statute 12,14/06/1945
Anderson; John Stuart (1908 - 1990),Fellow,19/03/1953
Anderson; Philip Warren,Foreign Member,24/04/1980
Anderson; Ross John,Fellow,14/05/2009
Anderson; Sir; Hugh Kerr (1865 - 1928),Fellow,02/05/1907
Anderson; Sir; Roy Malcolm,Fellow,20/03/1986
Anderson; Sir; William (1835 - 1898),Fellow,4/06/1891
Andrade; Antonio Freyre de (- 1772),Fellow,4/05/1749
Andrade; Edward Neville da Costa (1887 - 1971); Physicist,Fellow,16/05/1935
Andrew; Edward Raymond (1921 - 2001),Fellow,15/03/1984
Andrew; James (1774 - 1833),Fellow,29/03/1821
Andrew; Sydney Percy Smith (1926 - 2011),Fellow,18/03/1976
Andrewes; Christopher Howard (1896 - 1988),Fellow,16/03/1939
Andrewes; Sir; Frederick William (1859 - 1932),Fellow,06/05/1915
Andrews; Charles William (1866 - 1924),Fellow,03/05/1906
Andrews; Joseph (c 1691 - 1753),Fellow,9/03/1727
Andrews; Thomas (1813 - 1885); Chemist,Fellow,7/06/1849
Andrews; Thomas (1847 - 1907),Fellow,7/06/1888
Angel; James Roger Prior,Fellow,15/03/1990
Angstrom; Anders Jonas (1814 - 1874),Foreign Member,24/11/1870
Anguish; Thomas (c 1724 - 1785),Fellow,24/04/1766
Anker; Bernt (1746 - 1805),Fellow,7/11/1782
Anker; Carsten (1747 - 1824),Fellow,1/03/1804
Anne Elizabeth Alice Louise; Princess Royal,Royal Fellow,12/02/1987
Annesley; Arthur (1614 - 1686); 1st Earl of Anglesey,Fellow,16/04/1668
Annesley; Arthur (1744 - 1816); 1st Earl of Mountnorris,Fellow,18/12/1800
Annesley; Francis (1663 - 1750),Fellow,30/11/1704
Annesley; George (1771 - 1844); 2nd Earl of Mountnorris,Fellow,24/11/1796
Annesley; James (1645 - 1690); 2nd Earl of Anglesey,Original Fellow,7/01/1663
Annesley; James (c 1780 - 1847),Fellow,30/01/1840
Anrep; Gleb (c 1890 - 1955),Fellow,10/05/1928
Ansell; Charles (1794 - 1881),Fellow,10/04/1834
Anson; George (1697 - 1762); Baron Anson of Soberton,Fellow,5/12/1745
Anson; Thomas (c 1696 - 1773),Fellow,14/05/1730
Ansted; David Thomas (1814 - 1880),Fellow,11/01/1844
Anteny; Gebhard D' (fl 1723),Fellow,2/05/1723
Antonovics; Janis,Fellow,17/03/1988
Antrobus; Sir; Edmund (- 1826),Fellow,26/03/1801
Apjohn; James (1796 - 1886),Fellow,2/06/1853
Appleton; Sir; Edward Victor (1892 - 1965),Fellow,12/05/1927
Appold; John George (1800 - 1865),Fellow,2/06/1853
Aquino; Francesco d' (1736 - 1795); Prince of Caramanico,Fellow,5/06/1783
Arago; Dominique Francois Jean (1786 - 1853),Foreign Member,12/03/1818
Aragona; Nicolo Alerbo d' (fl 1719 - 1723); Prince of Cassano,Fellow,21/03/1723
Arber; Agnes (1879 - 1960),Fellow,21/03/1946
Arbuthnot; John (1667 - 1735),Fellow,30/11/1704
Arbuthnot; John (c 1732 - c 1799),Fellow,22/11/1770
Archer; William (1830 - 1897),Fellow,3/06/1875
Archibald; Charles Dickson (c 1802 - 1868),Fellow,26/11/1840
Arden-Close; Sir; Charles Frederick (1865 - 1952),Fellow,15/05/1919
Arden; Charles George (1756 - 1840); Baron Arden,Fellow,19/01/1786
Arden; Richard Pepper (1744 - 1804); Baron Alvanley,Fellow,13/11/1788
Arderne; James (c 1636 - 1691),Fellow,11/06/1668
Arderon; William (1703 - 1767); Naturalist,Fellow,12/12/1745
Argelander; Friedrich Wilhelm August (1799 - 1875),Foreign Member,23/04/1846
Argenville; Antoine Joseph Degallier D' (1680 - 1765),Fellow,22/03/1750
Argyris; John (1916 - 2004),Fellow,20/03/1986
Arigoni; Duilio,Foreign Member,20/06/1991
Arkell; William Joscelyn (1904 - 1958),Fellow,20/03/1947
Arkwright; Sir; Joseph Arthur (1864 - 1944),Fellow,06/05/1926
Armes; Steven Peter (1962 -),Fellow,01/05/2014
Armitage; Judith,Fellow,02/05/2013
Armstrong; Edward Frankland (1878 - 1945); Chemist,Fellow,13/05/1920
Armstrong; Fraser Andrew,Fellow,15/05/2008
Armstrong; Henry Edward (1848 - 1937); Chemist and Educationist,Fellow,1/06/1876
Armstrong; John (1674 - 1742),Fellow,2/05/1723
Armstrong; Robert Young (1839 - 1894),Fellow,2/06/1892
Armstrong; Sir; Alexander (1818 - 1899),Fellow,12/06/1873
Armstrong; William George (1810 - 1900); Baron Armstrong of Cragside,Fellow,7/05/1846
Arndt; Ulrich Wolfgang (1924 - 2006),Fellow,18/03/1982
Arnold; James Henry (c 1759 - 1836),Fellow,20/03/1806
Arnold; John Oliver (1858 - 1930),Fellow,02/05/1912
Arnold; Polly Louise,Fellow,09/05/2018
Arnold; Vladimir Igorevich,Foreign Member,30/06/1988
Arnott; James Moncrieff (1794 - 1885),Fellow,25/05/1843
Arnott; Neil (1788 - 1874),Fellow,25/01/1838
Arnott; Struther (1934 - 2013),Fellow,21/03/1985
Arrhenius; Svante August (1859 - 1927),Foreign Member,30/06/1910
Arrow; Kenneth Joseph,Foreign Member,18/05/2006
Arthington; Cyril (c 1666 - 1720),Fellow,31/12/1701
Arthur William Patrick Albert (1850 - 1942); Duke of Connaught and Strathearn,Royal Fellow,08/11/1906
Arthur; James Greig,Fellow,12/03/1992
Arundel; Richard (- 1757),Fellow,20/11/1740
Ascanius; Peter (fl 1755),Fellow,11/12/1755
Ash; Edward (c 1764 - 1829),Fellow,18/06/1801
Ash; John (c 1723 - 1798),Fellow,8/11/1787
Ash; Sir; Eric Albert (1928 -),Fellow,17/03/1977
Ashburner; Michael,Fellow,15/03/1990
"Ashby; Eric (1904 - 1992); Baron Ashby of Brandon, Suffolk",Fellow,21/03/1963
Ashby; Michael Farries,Fellow,15/03/1979
Ashby; Shukbrugh (- 1792),Fellow,18/03/1756
Ashcroft; Frances Mary,Fellow,13/05/1999
Ashe; St George (? 1658 - 1718),Fellow,3/02/1686
Ashe; William Windham (fl 1749),Fellow,19/01/1749
Ashfold; Michael Norman,Fellow,14/05/2009
Ashmole; Elias (1617 - 1692),Original Fellow,2/01/1661
Ashmore; Jonathan Felix,Fellow,14/03/1996
Ashton; Norman Henry (1913 - 2000),Fellow,18/03/1971
Ashworth; Alan,Fellow,15/05/2008
Ashworth; James Hartley (1874 - 1936),Fellow,03/05/1917
Askew; Anthony (1722 - 1774),Fellow,1/02/1750
Askonas; Brigitte Alice (1923 - 2013),Fellow,15/03/1973
Aspect; Alain,Foreign Member,30/04/2015
Asquith; Herbert Henry (1852 - 1928); 1st Earl of Oxford and Asquith,Statute 12,05/11/1908
Assemanni; Stephanus Evodius (1707 - 1782),Fellow,19/01/1738
Assheton; Richard (1863 - 1915),Fellow,07/05/1914
Astbury; Alan (1934 - 2014),Fellow,11/03/1993
Astbury; William Thomas (1898 - 1961),Fellow,14/03/1940
Astle; Edward (- 1816),Fellow,2/06/1808
Astle; Thomas (1735 - 1803),Fellow,20/03/1766
Aston; Francis (1644 - 1715),Fellow,30/11/1678
Aston; Francis William (1877 - 1945),Fellow,12/05/1921
Atcherley; David Francis (1783 - 1845),Fellow,4/02/1841
Atiyah; Sir; Michael Francis (1929 - 2019),Fellow,15/03/1962
Atkins; William Ringrose Gelston (1884 - 1959),Fellow,07/05/1925
Atkinson; Colin,Fellow,14/05/1998
Atkyns; Sir; Robert (1647 - 1711),Fellow,9/11/1664
Attenborough; Sir; David Frederick,Statute 12,30/06/1983
Attfield; John (1835 - 1911),Fellow,3/06/1880
Attfield; Paul,Fellow,01/05/2014
Attlee; Clement Richard (1883 - 1967); 1st Earl Attlee,Fellow,15/05/1947
Attwell; David Ian,Fellow,10/05/2001
Atwell; Joseph (c 1696 - 1768),Fellow,20/03/1729
Atwood; George (1746 - 1807),Fellow,13/06/1776
Aubant; Abraham D' (fl 1791),Fellow,5/05/1791
Aubert; Alexander (1730 - 1805),Fellow,9/01/1772
Aubrey; John (1626 - 1697); Antiquary,Original Fellow,7/01/1663
Audubon; John James (1785 - 1851),Fellow,18/03/1830
Auerbach; Charlotte (1899 - 1994),Fellow,21/03/1957
Augustus Frederick (1773 - 1843); Duke of Sussex,Royal Fellow,22/05/1828
Auldjo; John (1805 - 1886),Fellow,07/05/1840
Aumont de Rochebaron; Louis D' (1667 - 1723); Duc d'Aumont,Fellow,21/05/1713
Auriol; James Peter (fl 1808),Fellow,14/01/1808
Aust; George (- c 1829),Fellow,9/03/1797
Austen; John (1613 - 1669),Original Fellow,12/12/1660
Austen; Karl Frank,Foreign Member,27/05/2004
Auvergne; Philip D' (1754 - 1816); Duc de Bouillon,Fellow,11/05/1786
Auwers; Arthur (1838 - 1915),Foreign Member,3/04/1879
Auzout; Adrian (1622 - 1691); Physician and Astronomer,Fellow,23/05/1666
Averani; Giuseppe (1662 - 1738),Fellow,23/10/1712
Avery; Oswald Theodore (1877 - 1955),Foreign Member,15/06/1944
Axel; Richard,Foreign Member,30/04/2014
Axelrod; Julius (1912 - 2004),Foreign Member,26/04/1979
Axford; Sir; William Ian,Fellow,20/03/1986
Ayloffe; Sir; Joseph (1709 - 1781),Fellow,27/05/1731
Ayres; Charles Nicholas (fl 1708),Fellow,30/11/1708
Ayres; Thomas (- 1715),Fellow,1/12/1707
Ayrton; William (1777 - 1858),Fellow,1/06/1837
Ayrton; William Edward (1847 - 1908),Fellow,2/06/1881
Azevado Coutinho; Marco Antonio de (1688 - 1750),Fellow,6/05/1736
Babbage; Charles (1791 - 1871); Mathematician,Fellow,14/03/1816
Baber; Henry Hervey (1775 - 1869),Fellow,23/05/1816
Babington; Benjamin Guy (1794 - 1866),Fellow,20/03/1828
Babington; Charles Cardale (1808 - 1895),Fellow,5/06/1851
Babington; William (1756 - 1833),Fellow,30/05/1805
Babkin; Boris Petrovich (1877 - 1950),Fellow,16/03/1950
Bache; Alexander Dallas (1806 - 1867),Foreign Member,24/05/1860
Back; Sir; George (1796 - 1878),Fellow,07/01/1847
Backlund; Jons Oskar (1846 - 1916),Foreign Member,09/11/1911
Bacon; Francis Thomas (1904 - 1992),Fellow,15/03/1973
Bacon; John (- 1752),Fellow,24/01/1751
Bacon; Thomas (? 1664 - 1736),Fellow,15/03/1722
Bacon; Vincent (- 1739),Fellow,9/11/1732
Baddeley; Alan David (1934 -),Fellow,11/03/1993
Baddiley; Sir; James,Fellow,16/03/1961
Badham; Charles (1780 - 1845),Fellow,12/03/1818
Badyal; JasPal Singh,Fellow,28/04/2016
Baer; Karl Ernst von (1792 - 1876),Foreign Member,15/06/1854
Baeyer; Johann Friedrich Wilhelm Adolf von (1835 - 1917),Foreign Member,10/12/1885
Bagenall; Nicholas (1629 - 1712),Fellow,23/11/1664
Baglivi; Giorgio (1668 - 1707),Fellow,6/07/1698
Bagnall; John (fl 1774),Fellow,8/12/1774
Bagnold; Ralph Alger (1896 - 1990),Fellow,16/03/1944
Bagshawe; Kenneth Dawson,Fellow,16/03/1989
Bai; Chunli,Foreign Member,30/04/2014
Bailey; Arthur (- 1712),Fellow,30/11/1683
Bailey; Kenneth (1909 - 1963),Fellow,19/03/1953
Bailey; Richard William (1885 - 1957),Fellow,17/03/1949
Bailey; Sir; Edward Battersby (1881 - 1965),Fellow,15/05/1930
Baillie; David (- 1861),Fellow,11/02/1836
Baillie; John (1772 - 1833),Fellow,5/06/1817
Baillie; Matthew (1761 - 1823),Fellow,3/06/1790
Baillon; Henri Ernest (1827 - 1895),Foreign Member,26/04/1894
Baillou (fl 1749); Chevalier de,Fellow,2/11/1749
Baily; Edward Hodges (1788 - 1867),Fellow,13/01/1842
Baily; Francis (1774 - 1844); Astronomer,Fellow,22/02/1821
Bainbridge; Francis Arthur (1874 - 1921),Fellow,15/05/1919
Baines; Sir; Thomas (c 1622 - 1680),Original Fellow,20/05/1663
Baird; Andrew (1757 - 1843),Fellow,11/12/1828
Baird; Andrew Wilson (1842 - 1908),Fellow,4/06/1885
Baird; William (1803 - 1872),Fellow,6/06/1867
Bairstow; Sir; Leonard (1880 - 1963),Fellow,03/05/1917
Baker; Alan (1939 - 2018),Fellow,15/03/1973
Baker; Henry (1698 - 1774); Naturalist and Poet,Fellow,12/03/1741
Baker; Henry Frederick (1866 - 1956),Fellow,9/06/1898
Baker; Herbert Brereton (1862 - 1935),Fellow,05/06/1902
Baker; John (1736 - 1818),Fellow,13/12/1810
"Baker; John Fleetwood (1901 - 1985); Baron Baker of Windrush, Gloucestershire",Fellow,15/03/1956
Baker; John Gilbert (1834 - 1920),Fellow,6/06/1878
Baker; John Randal (1900 - 1984),Fellow,20/03/1958
Baker; John Wynn (- 1775),Fellow,17/02/1771
Baker; Peter Frederick (1939 - 1987),Fellow,18/03/1976
Baker; Raymond,Fellow,10/03/1994
Baker; Sir; Benjamin (1840 - 1907),Fellow,5/06/1890
Baker; Sir; Frederick Francis (1772 - 1830),Fellow,14/03/1811
Baker; Sir; George (1722 - 1809),Fellow,4/02/1762
Baker; Sir; Samuel White (1821 - 1893),Fellow,3/06/1869
Baker; Thomas (1625 - 1690),Fellow,19/11/1684
Baker; Wilson (1900 - 2002),Fellow,21/03/1946
Balasubramanian; Shankar,Fellow,19/04/2012
Balbus; Stephen Andrew,Fellow,28/04/2016
Baldini; Giovanni Antonio (1654 - 1725); Count,Fellow,29/01/1713
Baldwin; Christian Adolphus (1632 - 1682),Fellow,8/02/1677
Baldwin; John Evan (1931 - 2010),Fellow,14/03/1991
Baldwin; Roger (c 1717 - 1801),Fellow,18/12/1760
Baldwin; Sir; Jack Edward (1938 - 2020),Fellow,16/03/1978
Baldwin; Stanley (1867 - 1947); 1st Earl Baldwin of Bewdley,Statute 12,03/11/1927
Bale; Charles (1692 - 1730),Fellow,30/11/1719
Balfour; Arthur James (1848 - 1930); 1st Earl of Balfour,Fellow,12/01/1888
Balfour; Francis Maitland (1851 - 1882),Fellow,6/06/1878
Balfour; Henry (1863 - 1939),Fellow,15/05/1924
Balfour; John Hutton (1808 - 1884),Fellow,5/06/1856
Balfour; Sir; Isaac Bayley (1853 - 1922),Fellow,12/06/1884
Balfour; Thomas Graham (1813 - 1891),Fellow,3/06/1858
Ball; John (1818 - 1889),Fellow,4/06/1868
Ball; Keith Martin,Fellow,02/05/2013
Ball; Peter (c 1638 - 1675),Original Fellow,20/05/1663
Ball; Sir; John Macleod,Fellow,16/03/1989
Ball; Sir; Robert Stawell (1840 - 1913),Fellow,12/06/1873
Ball; Valentine (1843 - 1895),Fellow,8/06/1882
Ballard; Edward (1820 - 1897),Fellow,6/06/1889
Balle; Robert (- 1733),Fellow,30/11/1708
Balle; William (c 1627 - 1690),Founder Fellow,28/11/1660
Balls; William Lawrence (1882 - 1960),Fellow,03/05/1923
Balmain; Allan,Fellow,30/04/2015
Balme; Edward (- 1823),Fellow,12/03/1801
Balmford; Andrew,Fellow,19/05/2011
Baltimore; David,Foreign Member,25/06/1987
Baly; Edward Charles Cyril (1871 - 1948),Fellow,06/05/1909
Baly; William (1814 - 1861),Fellow,15/04/1847
Bamber; John (c 1667 - 1753),Fellow,11/12/1718
Bamford; Clement Henry (1912 - 1999),Fellow,19/03/1964
Bancroft; Edward (1744 - 1821),Fellow,20/05/1773
Banfield; Jillian Fiona,Fellow,09/05/2018
Bangham; Alec Douglas (1921 - 2010),Fellow,17/03/1977
Bangham; Charles Richard Mark,Fellow,28/03/2019
Bankes; Robert (- 1746),Fellow,11/11/1736
Bankes; William John (1786 - 1855),Fellow,28/03/1822
Banks; Joseph (1695 - 1741),Fellow,10/12/1730
Banks; Sir; John (1627 - 1699),Fellow,10/12/1668
Banks; Sir; Joseph (1744 - 1820); Naturalist,Fellow,01/05/1766
Banting; Sir; Frederick Grant (1891 - 1941),Fellow,16/05/1935
Barber; Horace Newton (1914 - 1971),Fellow,21/03/1963
Barber; James (1940 - 2020),Fellow,26/05/2005
Barber; Michael (1934 - 1991),Fellow,21/03/1985
Barboza; Johannes Mendez Saquet (- 1773),Fellow,10/05/1750
Barclay; Arthur Kett (1806 - 1869),Fellow,3/06/1852
Barclay; James Robertson (- ? 1827),Fellow,11/11/1790
Barcroft; Henry (1904 - 1998),Fellow,19/03/1953
Barcroft; Sir; Joseph (1872 - 1947),Fellow,05/05/1910
Barde; Yves-Alain William,Fellow,04/05/2017
Bardeen; John (1908 - 1991),Foreign Member,03/05/1973
Barenblatt; Grigory Isaakovich,Foreign Member,11/05/2000
Barford; David,Fellow,18/05/2006
Barger; George (1878 - 1939),Fellow,15/05/1919
Barham; Henry (c 1670 - 1726),Fellow,14/11/1717
Baring; Evelyn (1841 - 1917); 1st Earl of Cromer,Fellow,23/11/1911
Baring; Francis Thornhill (1796 - 1866); Baron Northbrook,Fellow,22/02/1849
Baring; Sir; Thomas (1772 - 1848),Fellow,10/06/1841
Baring; Thomas (1799 - 1873),Fellow,7/06/1860
Baring; Thomas George (1826 - 1904); 1st Earl of Northbrook,Fellow,8/01/1880
Baring; William Bingham (1799 - 1864); 2nd Baron Ashburton,Fellow,27/04/1854
Barish; Barry Clark,Fellow,28/03/2019
Barker; David James Purslove (1938 - 2013),Fellow,14/05/1998
Barker; George (1776 - 1845),Fellow,6/06/1839
Barker; John (1901 - 1970),Fellow,19/03/1953
Barker; John Adair (1925 - 1995),Fellow,19/03/1981
Barker; Robert (- 1745),Fellow,9/03/1732
Barker; Sir; Robert (? 1729 - 1789),Fellow,16/03/1775
Barkla; Charles Glover (1877 - 1944),Fellow,02/05/1912
Barkly; Sir; Henry (1815 - 1898),Fellow,2/06/1864
Barlow; Harold Everard Monteagle (1899 - 1989),Fellow,16/03/1961
Barlow; Horace Basil,Fellow,20/03/1969
Barlow; John (c 1799 - 1869),Fellow,18/12/1834
Barlow; Martin Thomas (1953 -),Fellow,26/05/2005
Barlow; Peter (1776 - 1862); Mathematician,Fellow,29/05/1823
Barlow; Peter William (1809 - 1885),Fellow,20/11/1845
Barlow; Sir; Robert (1757 - 1843),Fellow,21/01/1819
Barlow; Sir; Thomas (1845 - 1945),Fellow,06/05/1909
Barlow; William (1845 - 1934),Fellow,07/05/1908
Barlow; William Henry (1812 - 1902),Fellow,6/06/1850
Barnard; Edward (fl 1828),Fellow,5/06/1828
Barnard; Eric Albert,Fellow,19/03/1981
Barnard; Joseph Edwin (1870 - 1949),Fellow,15/05/1924
Barnard; Sir; Frederick Augusta (c 1743 - 1830),Fellow,13/05/1790
Barnard; Thomas (c 1728 - 1806),Fellow,29/05/1783
Barnes; Ernest William (1874 - 1953),Fellow,06/05/1909
Barnes; Howard Turner (1873 - 1950),Fellow,04/05/1911
Barnes; Joshua (1654 - 1712),Fellow,8/11/1710
Barnes; Peter John,Fellow,17/05/2007
Barnett (fl 1716),Fellow,27/02/1705
Barnett; Stephen Mark,Fellow,18/05/2006
Barnewall; Matthias (- 1767),Fellow,27/06/1765
Barnwell; Charles Frederick (c 1781 - 1849),Fellow,9/03/1809
Barnwell; Frederick Henry Turnor (c 1770 - 1843),Fellow,12/11/1818
Baron; John (1786 - 1851),Fellow,13/02/1823
Barr; Archibald (1855 - 1931),Fellow,03/05/1923
Barr; Murray Llewellyn (1908 - 1995),Fellow,16/03/1972
Barrer; Richard Maling (1910 - 1996),Fellow,15/03/1956
Barrett; Anthony Gerard Martin,Fellow,13/05/1999
Barrett; Richard (fl 1713),Fellow,11/06/1713
Barrett; Sir; William Fletcher (1844 - 1925); Physicist,Fellow,1/06/1899
Barrett; Spencer Charles Hilton,Fellow,27/05/2004
Barretto; Joseph (- 1824),Fellow,28/05/1818
Barrington; Daines (1727 - 1800),Fellow,4/06/1767
Barrington; Ernest James William (1909 - 1985),Fellow,16/03/1967
Barrington; Thomas (c 1648 -),Fellow,18/11/1669
Barrois; Charles Eugene (1851 - 1939),Foreign Member,26/06/1913
Barron; Laurence David,Fellow,26/05/2005
Barrow; Isaac (1630 - 1677); Classical and Mathematical Scholar,Original Fellow,17/09/1662
Barrow; John (1808 - 1898),Fellow,12/12/1844
Barrow; John David,Fellow,15/05/2003
Barrow; Sir; John (1764 - 1848),Fellow,04/07/1805
Barrowby; William (1682 - 1751),Fellow,2/11/1721
Barry; Alexander (- 1832),Fellow,2/02/1832
Barry; Martin (1802 - 1855),Fellow,13/02/1840
Barry; Sir; Charles (1795 - 1860),Fellow,7/06/1849
Barry; Sir; David (1780 - 1836),Fellow,5/04/1832
Barry; Sir; Edward (1698 - 1776),Fellow,3/02/1732
Barthelemy; Jean Jacques (1716 - 1795),Fellow,12/06/1755
Bartlett; Maurice Stevenson (1910 - 2002),Fellow,16/03/1961
Bartlett; Neil,Fellow,15/03/1973
Bartlett; Philip Nigel,Fellow,19/04/2012
Bartlett; Sir; Frederic Charles (1886 - 1969),Fellow,05/05/1932
Barton; Edwin Henry (1858 - 1925),Fellow,11/05/1916
Barton; Nicholas Hamilton,Fellow,10/03/1994
Barton; Philip (c 1695 - 1765),Fellow,24/11/1757
Barton; Sir; Derek Harold Richard (1918 - 1998),Fellow,18/03/1954
Bary; Anton Heinrich de (1831 - 1888),Foreign Member,31/01/1884
Basbaum; Allan Irwin,Fellow,18/05/2006
Basevi; George (1794 - 1845),Fellow,11/05/1843
Basinski; Zbigniew Stanislaw (1928 - 1999),Fellow,20/03/1980
Basnage de Beauval; Jacques (1653 - 1722),Fellow,30/11/1697
Bassand; Jean Baptiste (1680 - 1742),Fellow,23/03/1732
Basset; Alfred Barnard (1854 - 1930),Fellow,6/06/1889
Basset; Francis (1757 - 1835); Baron de Dunstanville of Tehidy and Baron Basset of Stratton,Fellow,09/04/1829
Bassler; Bonnie L,Foreign Member,19/04/2012
Baster; Job (1709 - 1775),Fellow,1/06/1738
Bastian; Henry Charlton (1837 - 1915),Fellow,4/06/1868
Batchelor; George Keith (1920 - 2000),Fellow,21/03/1957
Bate; Charles Spence (1819 - 1889),Fellow,6/06/1861
Bate; Christopher Michael,Fellow,15/05/1997
Bate; George (1608 - 1669),Original Fellow,12/12/1660
Bateman; Harry (1882 - 1946),Fellow,10/05/1928
Bateman; James (1811 - 1897),Fellow,8/02/1838
Bateman; John Frederic La Trobe (1810 - 1889),Fellow,7/06/1860
Bateman; Leslie Clifford (1915 - 2005),Fellow,21/03/1968
Bateman; William (c 1694 - 1744); Viscount Bateman,Fellow,22/02/1733
Bates; Gillian Patricia,Fellow,17/05/2007
Bates; Henry Walter (1825 - 1892),Fellow,2/06/1881
Bates; Leslie Fleetwood (1897 - 1978),Fellow,16/03/1950
Bates; Sir; David Robert (1916 - 1994),Fellow,17/03/1955
Bates; Thomas (- c 1760),Fellow,11/12/1718
Bateson; Sir; Paul Patrick Gordon (1938 - 2017),Fellow,17/03/1983
Bateson; William (1861 - 1926),Fellow,7/06/1894
Bather; Francis Arthur (1863 - 1934),Fellow,06/05/1909
Bathurst; Benjamin (- 1767),Fellow,9/12/1731
Bathurst; Ralph (1620 - 1704); Physician,Fellow,19/08/1663
Batt; John Thomas (- 1762),Fellow,8/04/1742
Battarbee; Richard William,Fellow,18/05/2006
Batten; Joseph Hallett (1778 - 1838),Fellow,14/03/1816
Battersby; Sir; Alan Rushton (1925 - 2018),Fellow,17/03/1966
Battie; William (1704 - 1776),Fellow,07/01/1742
Battine; William (1765 - 1836),Fellow,01/06/1797
Batty; Michael John,Fellow,14/05/2009
Batty; Robert (1789 - 1848),Fellow,28/02/1822
Bauer; Franz Andreas (1758 - 1840),Fellow,8/02/1821
Baulcombe; David Charles,Fellow,10/05/2001
Baumberg; Jeremy John,Fellow,19/05/2011
Bauza; Felipe (1764 - 1834),Foreign Member,1/04/1819
Bawa; Kamal,Fellow,30/04/2015
Bawden; Sir; Frederick Charles (1908 - 1972); Plant Pathologist,Fellow,17/03/1949
Bawn; Cecil Edwin Henry (1908 - 2003),Fellow,20/03/1952
Baxendell; Joseph (1815 - 1887),Fellow,12/06/1884
Baxter; Rodney James,Fellow,18/03/1982
Bayardi; Ottavio Antonio (c 1690 - c 1765),Fellow,24/04/1755
Bayes; Thomas (1701 - 1761),Fellow,4/11/1742
Bayford; David (c 1739 - 1790),Fellow,26/04/1770
Baylay; William Frederick (- c 1845),Fellow,21/02/1828
Bayley; John (- 1869),Fellow,20/11/1823
Bayley; John Hagan Pryce,Fellow,19/05/2011
Bayley; Thomas Butterworth (1744 - 1802),Fellow,18/02/1773
Bayliss; Sir; William Maddock (1860 - 1924),Fellow,11/06/1903
Baylor; Denis,Foreign Member,15/05/2003
Bayvel; Polina,Fellow,28/04/2016
Bazant; Zdenek P,Foreign Member,30/04/2015
Beach; David Hugh,Fellow,14/03/1996
Beadle; George Wells (1903 - 1989),Foreign Member,28/04/1960
Beale; Evelyn Martin Lansdowne (1928 - 1985),Fellow,15/03/1979
Beale; Geoffrey Herbert (1913 - 2009),Fellow,19/03/1959
Beale; John (- 1724),Fellow,2/11/1721
Beale; John (c 1603 - c 1683),Fellow,21/01/1663
Beale; Lionel Smith (1828 - 1906),Fellow,11/06/1857
Beals; Carlyle Smith (1899 - 1979),Fellow,15/03/1951
Beament; Sir; James William Longman (1921 - 2005),Fellow,19/03/1964
Beamish; North Ludlow (1797 - 1872),Fellow,15/11/1827
Beamish; Richard (1798 - 1873),Fellow,24/03/1836
Beard; Richard (? 1688 - 1734),Fellow,26/05/1726
Beatty; Sir; William (- 1842),Fellow,30/04/1818
Beauclerk; Charles (1670 - 1726); 1st Duke of St Albans,Fellow,1/11/1722
Beauclerk; Lord; Amelius (1771 - 1846),Fellow,7/12/1809
Beauclerk; Topham (1739 - 1780),Fellow,8/03/1770
Beaufain; H Berenger de (- 1767),Fellow,23/04/1730
Beaufort; Louis de (1703 - 1795),Fellow,23/10/1746
Beaufort; Sir; Francis (1774 - 1857); Knight Rear Admiral Hydrographer,Fellow,30/06/1814
Beaufoy; Henry (- 1795),Fellow,21/02/1782
Beaufoy; Henry Benjamin Hanbury (1786 - 1851),Fellow,14/12/1815
Beaufoy; Mark (1764 - 1827),Fellow,18/02/1790
Beaumont; Edward Blackett (1802 - 1878),Fellow,4/06/1835
Beaumont; Jean Baptiste Armand Louis Leonce Elie de (1798 - 1874),Foreign Member,4/06/1835
Beaumont; Jean Baptiste Jacques Elie de (1732 - 1786),Fellow,25/04/1765
Beaumont; John (- 1731),Fellow,13/05/1685
Beaumont; Richard (c 1654 - 1692),Fellow,19/11/1684
Beauvoir; Osmond (- 1789),Fellow,9/06/1785
Beccari; Giacomo Bartolommeo (1682 - 1766),Fellow,27/06/1728
Beccaria; Giovanni Battista (1716 - 1781),Fellow,29/05/1755
Beche; Sir; Henry Thomas de la (1796 - 1855),Fellow,23/12/1819
Beck; Thomas Snow (1814 - 1877),Fellow,5/06/1851
Becke; Axel Dieter,Fellow,18/05/2006
Becker; Balthasar (fl 1698),Fellow,6/07/1698
Beckett; Sir; John (1775 - 1847),Fellow,14/03/1816
Beckett; William (1684 - 1738),Fellow,11/12/1718
Beckles; Samuel Husbands (1814 - 1890),Fellow,9/06/1859
Beckwith; Athelstan Laurence Johnson,Fellow,17/03/1988
Becquerel; Alexandre Edmond (1820 - 1891),Foreign Member,31/05/1888
Becquerel; Antoine Cesar (1788 - 1878),Foreign Member,27/04/1837
Becquerel; Antoine Henri (1852 - 1908),Foreign Member,04/06/1908
Beddard; Frank Evers (1858 - 1925),Fellow,2/06/1892
Beddington; John Rex,Fellow,10/05/2001
Beddington; Rosa Susan Penelope (1956 - 2001),Fellow,13/05/1999
Beddoe; John (1826 - 1911),Fellow,12/06/1873
Bedford; William (- 1747),Fellow,30/05/1745
Bedson; Sir; Samuel Phillips (1886 - 1969),Fellow,16/05/1935
Beechey; Frederick William (1796 - 1856); Rear Admiral Geographer,Fellow,23/12/1824
Beer; Sir; Gavin Rylands De (1899 - 1972),Fellow,14/03/1940
Beerling; David,Fellow,01/05/2014
Beetham; Albert William (1802 - 1895),Fellow,5/02/1835
Beetham; William (- 1839),Fellow,10/01/1828
Beggs; Jean Duthie,Fellow,14/05/1998
Beighton; Henry (- 1743),Fellow,3/11/1720
Beijerinck; Martinus Willem (1851 - 1931),Foreign Member,29/04/1926
Beilby; Sir; George Thomas (1850 - 1924),Fellow,03/05/1906
Beit; Sir; Otto John (1865 - 1930),Statute 12,06/11/1924
Bel; Joseph Achille Le (1847 - 1930),Foreign Member,09/11/1911
Belchier; John (1706 - 1785),Fellow,23/11/1732
Belidor; Bernard Forest de (1693 - 1761),Fellow,3/11/1726
Belius; Matthias (1684 - 1749),Fellow,1/06/1738
Bell Burnell; Dame; Susan Jocelyn,Fellow,15/05/2003
Bell; Anthony Raymond,Fellow,04/05/2017
Bell; George (- 1758),Fellow,25/01/1750
Bell; George Douglas Hutton (1905 - 1993),Fellow,18/03/1965
Bell; Graham Arthur Charlton,Fellow,28/04/2016
Bell; James (1824 - 1908),Fellow,12/06/1884
Bell; John (1764 - 1836),Fellow,16/12/1824
Bell; John Irving; Sir,Fellow,15/05/2008
Bell; John Stewart (1928 - 1990),Fellow,16/03/1972
Bell; Robert (1841 - 1917),Fellow,3/06/1897
Bell; Robert Edward (1918 - 1992),Fellow,18/03/1965
Bell; Ronald Percy (1907 - 1996),Fellow,16/03/1944
Bell; Sir; Charles (1774 - 1842),Fellow,16/11/1826
Bell; Sir; Isaac Lowthian (1816 - 1904),Fellow,4/06/1874
Bell; Thomas (1792 - 1880),Fellow,10/01/1828
Bellamy; James William (1788 - 1874),Fellow,18/12/1834
Bellers; Fettiplace (1687 - ? 1752),Fellow,30/11/1711
Bellers; John (c 1654 - 1725),Fellow,5/02/1719
Bellin; Jacques Nicolas (1703 - 1772),Fellow,22/02/1753
Belluga; Bernardo de (fl 1780),Fellow,20/01/1780
Belward; Richard (c 1746 - 1803),Fellow,11/02/1790
Bemde; John Van de (c 1655 - c 1726),Fellow,30/11/1678
Bene; Tommaso Del (1652 - 1739),Fellow,30/11/1695
Beneden; Pierre Joseph Van (1809 - 1894),Foreign Member,08/04/1875
Bengough; Guy Dunstan (1876 - 1945),Fellow,17/03/1938
Benham; Sir; William Blaxland (1860 - 1950),Fellow,02/05/1907
Benjamin; Thomas Brooke (1929 - 1995),Fellow,17/03/1966
Bennet-Clark; Thomas Archibald (1903 - 1975),Fellow,16/03/1950
Bennet; Abraham (1749 - 1799),Fellow,19/03/1789
Bennet; Henry Grey (1777 - 1836),Fellow,05/03/1812
Bennet; Richard Henry Alexander (1743 - 1814),Fellow,10/12/1767
Bennett; Geoffrey Thomas (1868 - 1943),Fellow,07/05/1914
Bennett; George Macdonald (1892 - 1959),Fellow,20/03/1947
Bennett; John Joseph (1801 - 1876),Fellow,16/12/1841
Bennett; Martin Arthur,Fellow,09/03/1995
Bennett; Sir; James Risdon (1809 - 1891),Fellow,3/06/1875
Benson; William Noel (1885 - 1957),Fellow,20/03/1941
Bentham; George (1800 - 1884),Fellow,5/06/1862
Bentinck; John Albert (1737 - 1775),Fellow,20/06/1765
Bentinck; William (1704 - 1774),Fellow,27/05/1731
Bentinck; William (1708 - 1762); 2nd Duke of Portland,Fellow,6/12/1739
Bentinck; William (1764 - 1813),Fellow,17/05/1787
Bentinck; William Henry Cavendish (1738 - 1809); 3rd Duke of Portland,Fellow,5/06/1766
Bentley; Richard (1662 - 1742),Fellow,30/11/1695
Benton; Michael,Fellow,01/05/2014
Benzer; Seymour,Foreign Member,08/04/1976
Beral; Valerie (1946 -),Fellow,18/05/2006
Beresford-Hope; Alexander James Beresford (1820 - 1887),Fellow,17/06/1880
Berg; Paul,Foreign Member,18/06/1992
Bergel; Franz (1900 - 1987),Fellow,19/03/1959
Bergersen; Fraser John (1929 - 2011),Fellow,19/03/1981
Bergh; Sidney van den,Fellow,17/03/1988
Bergius; Peter Jonas (1730 - 1790),Fellow,31/05/1770
Bergman; Torbern Olof (1735 - 1784),Fellow,25/04/1765
Beringhen; Theodor de (1644 -),Fellow,24/10/1667
Berkeley; Charles (1649 - 1710); 2nd Earl of Berkeley,Fellow,21/11/1667
Berkeley; George (1628 - 1698); 1st Earl of Berkeley and Viscount Dursley,Original Fellow,20/05/1663
Berkeley; Maurice (1628 - 1690); 3rd Viscount Fitzhardinge of Berehaven,Fellow,17/10/1667
Berkeley; Miles Joseph (1803 - 1889),Fellow,12/06/1879
Berkeley; Randal Thomas Mowbray Rawdon (1865 - 1942); 8th Earl Berkeley,Fellow,07/05/1908
Berkovic; Samuel Frank,Fellow,17/05/2007
Bernal; John Desmond (1901 - 1971),Fellow,06/05/1937
Bernard; Charles (1650 - 1711),Fellow,30/11/1696
Bernard; Claude (1813 - 1878),Foreign Member,9/06/1864
Bernard; Edward (1638 - 1697),Fellow,9/04/1673
Bernard; Hermann (- 1766),Fellow,2/11/1738
Bernard; James (1785 - 1856); 2nd Earl of Bandon,Fellow,5/06/1845
Bernard; Jean Baptiste (1702 - 1779),Fellow,27/03/1760
Bernard; John Peter (- 1750),Fellow,19/01/1738
Berners-Lee; Sir; Timothy John,Fellow,10/05/2001
Bernoulli; Daniel (1700 - 1782),Fellow,3/05/1750
Bernoulli; Jean (1667 - 1748),Fellow,1/12/1712
Bernoulli; Nicholas (1687 - 1759),Fellow,11/03/1714
Berridge; Sir; Michael John,Fellow,15/03/1984
Berrill; Norman John (1903 - 1996),Fellow,20/03/1952
Berry; Sir; Michael Victor,Fellow,18/03/1982
Berthelot; Pierre Eugene Marcellin (1827 - 1907),Foreign Member,13/12/1877
Berthier; Joseph-Etienne (1702 - 1783),Fellow,2/06/1768
Berthollet; Claude Louis (1748 - 1822); Count,Fellow,30/04/1789
Berthoud; Ferdinand (1727 - 1807),Fellow,16/02/1764
Bertie; Robert (1630 - 1701); 3rd Earl of Lindsey,Fellow,21/11/1666
Bertozzi; Carolyn Ruth,Foreign Member,09/05/2018
Bertrand; Joseph Louis Francois (1822 - 1900),Foreign Member,8/04/1875
Berzelius; Jons Jakob (1779 - 1848),Foreign Member,29/04/1813
Besag; Julian,Fellow,27/05/2004
Besant; William Henry (1828 - 1917),Fellow,8/06/1871
Besicovitch; Abram Samoilovitch (1891 - 1970),Fellow,03/05/1934
Besra; Gurdyal Singh,Fellow,28/03/2019
Bessel; Friedrich Wilhelm (1784 - 1846); Astronomer,Foreign Member,9/06/1825
Bessemer; Sir; Henry (1813 - 1898),Fellow,12/06/1879
Best; Charles Herbert (1899 - 1978),Fellow,17/03/1938
Best; George (c 1756 - 1823); Baron Best,Fellow,17/03/1791
Bethe; Hans Albrecht (1906 - 2005),Foreign Member,09/05/1957
Bethune; John (c 1724 - 1774),Fellow,18/02/1773
Beuningen; Conrad Van (1622 - 1693),Fellow,13/12/1682
Bevan; Michael John,Fellow,14/03/1991
Bevan; Michael W.,Fellow,02/05/2013
Bevan; Silvanus (1691 - 1765),Fellow,9/12/1725
Beven; Keith John,Fellow,04/05/2017
Beverly; Charles James (1788 - 1868),Fellow,5/05/1831
Beverton; Raymond John Heaphy (1922 - 1995),Fellow,20/03/1975
Bevis; John (1693 - 1771),Fellow,21/11/1765
Beyan; Michael Webster,Fellow,02/05/2013
Beynon; John Herbert (1923 - 2015),Fellow,18/03/1971
Beynon; Sir; William John Granville (1914 - 1996),Fellow,15/03/1973
Bhabha; Homi Jehangir (1909 - 1966),Fellow,20/03/1941
Bhadeshia; Harshad Kumar Dharamshi Hansraj,Fellow,14/05/1998
Bhargava; Manjul,Fellow,28/03/2019
Bhatnagar; Sir; Shanti Swarupa (1895 - 1955),Fellow,18/03/1943
Bhattacharyya; Lord; Sushantha Kumar (1940 - 2019); Baron,Fellow,01/05/2014
Bianchi; Vendramino (1667 - 1738),Fellow,8/11/1710
Bianchini; Francesco (1662 - 1729),Fellow,29/01/1713
Bibb; Mervyn,Fellow,02/05/2013
Bicheno; James Ebenezer (1785 - 1851),Fellow,10/05/1827
Bickersteth; Robert (1816 - 1884),Fellow,16/12/1858
Bickerton; Sir; Richard Hussey (1759 - 1832),Fellow,22/02/1810
Bickle; Michael James,Fellow,17/05/2007
Bickmore; Wendy Anne,Fellow,04/05/2017
Bicknell; John Laurens (c 1786 - 1845),Fellow,8/03/1821
Bidloo; Govard (1649 - 1713),Fellow,29/04/1696
Bidwell; Shelford (1848 - 1909),Fellow,4/06/1886
Bienz; Mariann,Fellow,15/05/2003
Biffen; Sir; Rowland Harry (1874 - 1949),Fellow,07/05/1914
Biggin; George (c 1762 - 1803),Fellow,1/07/1802
Biggs; Peter Martin,Fellow,18/03/1976
Bignon; Jean Paul (1662 - 1743),Fellow,7/11/1734
Bigsby; John Jeremiah (1792 - 1881),Fellow,3/06/1869
Bigsby; Robert (1806 - 1873),Fellow,8/06/1837
Bijl; Hendrik Johannes van der (1887 - 1948),Fellow,16/03/1944
Bijvoet; Johannes Martin (1892 - 1980),Foreign Member,27/04/1972
Bilby; Bruce Alexander (1922 - 2013),Fellow,17/03/1977
Billers; Sir; William (- 1745),Fellow,30/11/1726
Billing; Archibald (1791 - 1881),Fellow,6/06/1844
Billingham; Rupert Everett (1921 - 2002),Fellow,16/03/1961
Bilson-Legge; Henry (1708 - 1764),Fellow,10/01/1745
Bingham; John,Fellow,17/03/1977
Bingley; Robert (- 1847),Fellow,22/06/1809
Binney; Edward William (1812 - 1881),Fellow,5/06/1856
Binney; James Jeffrey,Fellow,11/05/2000
Binnie; Alfred Maurice (1901 - 1986),Fellow,24/03/1960
Binnie; Geoffrey Morse (1908 - 1989),Fellow,20/03/1975
Biot; Jean Baptiste (1774 - 1862); French Scientist,Foreign Member,6/04/1815
Birch; Andrew (c 1652 - c 1691),Fellow,27/11/1673
Birch; Arthur John (1915 - 1995),Fellow,20/03/1958
Birch; Bryan John,Fellow,16/03/1972
Birch; Thomas (1705 - 1766),Fellow,20/02/1735
Birchall; James Derek (1930 - 1995),Fellow,18/03/1982
Bird; Adrian Peter (1947 -),Fellow,16/03/1989
Bird; Golding (1814 - 1854),Fellow,22/01/1846
Birgeneau; Robert Joseph,Fellow,10/05/2001
Birkenhead; John (1616 - 1679),Original Fellow,22/06/1663
Birkhead; Timothy Robert,Fellow,27/05/2004
Birney; Ewan; Dr,Fellow,01/05/2014
Biron; Peter (1724 - 1800); Duke of Courland,Fellow,7/11/1771
Bisat; William Sawney (1886 - 1973),Fellow,20/03/1947
Bischoff; Theodor Ludwig Wilhelm (1807 - 1882),Foreign Member,26/03/1868
Bishop; Ann (1899 - 1990),Fellow,19/03/1959
Bishop; Christophere Michael,Fellow,04/05/2017
Bishop; Dorothy; Professor,Fellow,01/05/2014
Bishop; George (1785 - 1861),Fellow,09/06/1848
Bishop; J Michael,Foreign Member,15/05/2008
Bishop; John (1797 - 1873),Fellow,9/05/1844
Bishop; Peter Orlebar (1917 - 2012),Fellow,17/03/1977
Bishop; Richard Evelyn Donohue (1925 - 1989),Fellow,20/03/1980
Bisse; Philip (1677 - 1721),Fellow,13/02/1706
Bisshopp; Cecil (1753 - 1828); 12th Baron Zouche,Fellow,17/11/1791
Bjerknes; Vilhelm Friman Koren (1862 - 1951),Foreign Member,25/05/1933
Blachford; Barrington Pope (- 1816),Fellow,1/06/1815
Black; Davidson (1884 - 1934),Fellow,05/05/1932
Black; Sir; James Whyte (1924 - 2010),Fellow,18/03/1976
Blackburn; Elizabeth Helen,Fellow,12/03/1992
Blackburne; John (1754 - 1833),Fellow,20/11/1794
Blackburne; Samuel (fl 1681),Fellow,14/12/1681
Blackburne; Thomas (c 1749 - 1782),Fellow,14/06/1781
Blackett; Patrick Maynard Stuart (1897 - 1974); Baron Blackett of Chelsea; Nuclear Physicist,Fellow,11/05/1933
Blackman; Frederick Frost (1866 - 1947),Fellow,03/05/1906
Blackman; Geoffrey Emett (1903 - 1980),Fellow,19/03/1959
Blackman; James (1769 - 1831),Fellow,29/03/1827
Blackman; Moses (1908 - 1983),Fellow,15/03/1962
Blackman; Vernon Herbert (1872 - 1967),Fellow,01/05/1913
Blackwell; Jonas (- 1754),Fellow,30/11/1692
Blackwood; Frederick Temple Hamilton-Temple (1826 - 1902); 1st Marquess of Dufferin and Ava,Fellow,9/02/1865
Blacow; Richard (1723 - 1760),Fellow,4/04/1754
Blagden; Sir; Charles (1748 - 1820); Knight Physician,Fellow,25/06/1772
Blainville; Henri Marie Ducrotay de (1788 - 1850),Foreign Member,9/06/1832
Blair; Archibald (fl 1799),Fellow,2/05/1799
Blair; John (- 1782),Fellow,9/01/1755
Blair; Patrick (fl 1706 - 1728); Physician and Botanist,Fellow,1/12/1712
Blake; Andrew,Fellow,26/05/2005
Blake; Benjamin (- c 1868),Fellow,4/03/1830
Blake; Henry Wollaston (1815 - 1899),Fellow,6/04/1843
Blake; Sir; Francis (1708 - 1780),Fellow,19/06/1746
Blake; William (c 1774 - 1852),Fellow,14/05/1807
Blake; William John (1805 - 1875),Fellow,20/01/1831
Blakemore; Colin Brian,Fellow,12/03/1992
Blakiston; Peyton (1801 - 1878),Fellow,21/01/1841
Bland; Michael (c 1777 - 1851),Fellow,8/02/1816
Bland; Miles (1786 - 1867); Mathematician,Fellow,12/04/1821
Blandford; Roger David,Fellow,16/03/1989
Blane; Sir; Gilbert (1749 - 1834),Fellow,23/12/1784
Blane; William (- 1835),Fellow,16/04/1795
Blanford; Henry Francis (1834 - 1893),Fellow,3/06/1880
Blanford; William Thomas (1832 - 1905),Fellow,4/06/1874
Blanshard; Richard (c 1781 - 1836),Fellow,10/05/1827
Blanshard; Wilkinson (c 1734 - 1770),Fellow,6/12/1759
Blaquiere; John (1732 - 1812); Baron de Blaquiere,Fellow,13/01/1803
Blaquiere; William (1778 - 1851),Fellow,21/02/1805
Blaschko; Hermann Karl Felix (1900 - 1993),Fellow,15/03/1962
Blaxter; Sir; Kenneth Lyon (1919 - 1991),Fellow,16/03/1967
Bleaney; Brebis (1915 - 2006),Fellow,16/03/1950
Blencowe; Benjamin Joseph,Fellow,28/03/2019
Bligh; Edward (1715 - 1747); 2nd Earl of Darnley,Fellow,9/02/1738
Bligh; Edward (1795 - 1835); 5th Earl of Darnley,Fellow,2/05/1833
Bligh; John (1767 - 1831); 4th Earl of Darnley,Fellow,22/03/1810
Bligh; William (1754 - 1817),Fellow,21/05/1801
Blin-Stoyle; Roger John (1924 - 2007),Fellow,18/03/1976
Bliss; Nathaniel (1700 - 1764),Fellow,20/05/1742
Bliss; Timothy Vivian Pelham,Fellow,10/03/1994
Blizard; Sir; William (1743 - 1835),Fellow,3/05/1787
Blizard; Thomas (1772 - 1838),Fellow,10/03/1803
Bloch; Konrad Emil (1912 - 2000),Foreign Member,27/06/1985
Bloom; Stephen,Fellow,02/05/2013
Blore; Edward (1787 - 1879),Fellow,10/06/1841
Blount; Thomas (c 1604 -),Fellow,8/02/1665
Blow; David Mervyn (1931 - 2004),Fellow,16/03/1972
Bloxham; Jeremy,Fellow,17/05/2007
Blumenbach; Johann Friedrich (1752 - 1840),Foreign Member,11/04/1793
Blundell; Sir; Thomas Leon,Fellow,15/03/1984
Blundy; Jonathan David,Fellow,15/05/2008
Blyke; Richard (- 1775),Fellow,29/04/1773
Boardman; Norman Keith,Fellow,16/03/1978
Boase; Henry Samuel (1799 - 1883),Fellow,11/05/1837
Bobrow; Martin,Fellow,27/05/2004
Bode; Johann Elert (1747 - 1826),Fellow,30/04/1789
Bodmer; Sir; Walter Fred,Fellow,21/03/1974
Boerhaave; Herman (1668 - 1738),Fellow,30/04/1730
Boffrand; Germain (1667 - 1754),Fellow,10/01/1745
Bogdani; William (- 1771),Fellow,26/02/1730
Boger; David Vernon,Fellow,17/05/2007
Bohadsch; Johann Baptist (- 1772),Fellow,23/12/1762
Bohm; David Joseph (1917 - 1992),Fellow,15/03/1990
Bohr; Niels Henrik David (1885 - 1962),Foreign Member,29/04/1926
Boileau; John Theophilus (1805 - 1886),Fellow,5/03/1840
Boileau; Sir; John Peter (1794 - 1869),Fellow,1/06/1843
Bois-Reymond; Emil Heinrich Du (1818 - 1896),Foreign Member,13/12/1877
Bois; Charles Du (? 1656 - 1740),Fellow,30/11/1700
Boksenberg; Alexander,Fellow,16/03/1978
Bold; Peter Patten (- 1819),Fellow,19/01/1815
Bollobas; Bela,Fellow,19/05/2011
Bolton; Charles (1870 - 1947),Fellow,02/05/1918
Bolton; John Gatenby (1922 - 1993),Fellow,15/03/1973
Boltzmann; Ludwig (1844 - 1906),Foreign Member,1/06/1899
Bon; Francois Xavier (1678 - 1761),Fellow,15/02/1739
Bond; George (1906 - 1988),Fellow,16/03/1972
Bond; John Richard,Fellow,10/05/2001
Bond; Phineas (c 1748 - 1815),Fellow,16/03/1815
Bondi; Sir; Hermann (1919 - 2005),Fellow,19/03/1959
Bone; Quentin,Fellow,15/03/1984
Bone; William Arthur (1871 - 1938),Fellow,11/05/1905
Bonet; Ludwig Friedrich (- ? 1773),Fellow,30/11/1711
Bonfield; William,Fellow,15/05/2003
Bonfigliuoli; Silvestro (? 1637 - ? 1696),Fellow,29/04/1696
Bonner; John George (c 1788 - 1867),Fellow,18/06/1840
Bonnet; Charles (1720 - 1793),Fellow,17/11/1743
Bonney; Thomas George (1833 - 1923),Fellow,6/06/1878
Bonsall; Frank Featherstone (1920 - 2011),Fellow,19/03/1970
Boole; George (1815 - 1864); Mathematician,Fellow,11/06/1857
Boon; William Robert (1911 - 1994),Fellow,21/03/1974
Booth; Benjamin (- 1807),Fellow,9/01/1772
Booth; Charles (1840 - 1916),Fellow,1/06/1899
Booth; Eric Stuart (1914 - 2005),Fellow,16/03/1967
Booth; James (1806 - 1878),Fellow,22/01/1846
Booth; Sir; Felix (1775 - 1850),Fellow,10/04/1834
Boothe; Peniston (1681 - 1765),Fellow,3/02/1703
Bootle; Richard Wilbraham (- 1796),Fellow,2/04/1761
Bootle; Robert (- 1758),Fellow,8/12/1757
Borcherds; Richard Ewen (1959 -),Fellow,10/03/1994
Bordet; Jules Jean Baptiste Vincent (1870 - 1961),Foreign Member,23/03/1916
Borghese; Marcantonio (1660 - 1729); Principe di Sulmona e Rossano,Fellow,29/11/1682
Borlase; George Simon (1792 - 1837),Fellow,20/11/1828
Borlase; William (1695 - 1772),Fellow,17/05/1750
Borlaug; Norman Ernest (1914 - 2009),Foreign Member,25/06/1987
Born; Gustav Victor Rudolf,Fellow,16/03/1972
Born; Ignace De (1742 - 1791),Fellow,2/06/1774
Born; Max (1882 - 1970),Fellow,16/03/1939
Borneman; Philip Julius (fl 1722 - 1726),Fellow,1/11/1722
Bornet; Jean Baptiste Edouard (1828 - 1911),Foreign Member,30/06/1910
Borrer; William (1781 - 1862),Fellow,4/06/1835
Borst; Piet,Foreign Member,26/06/1986
Borysiewicz; Leszek Kristof; Sir,Fellow,15/05/2008
Bosanquet; Benjamin (1708 - 1755),Fellow,21/05/1747
Bosanquet; Robert Holford Macdowall (1841 - 1912),Fellow,5/06/1890
Bosanquet; Samuel (1768 - 1843),Fellow,6/06/1793
Boscovich; Roger Joseph (1711 - 1787),Fellow,15/01/1761
Bose; Georg Matthias (1710 - 1761),Fellow,30/06/1757
Bose; Satyendra Nath (1894 - 1974),Fellow,20/03/1958
Bose; Sir; Jagadis Chunder (1858 - 1937),Fellow,13/05/1920
Bosnich; Brice,Fellow,11/05/2000
Bostock; Hugh,Fellow,10/05/2001
Bostock; John (1773 - 1846),Fellow,2/04/1818
Bosville; William (1745 - 1813),Fellow,7/06/1792
Boswell; Percy George Hamnall (1886-1990),Fellow,07/05/1931
Bosworth; Joseph (1789-1876),Fellow,4/06/1829
Botfield; Beriah (1807-1863),Fellow,17/01/1839
Botfield; Thomas (c 1763- 1843),Fellow,18/04/1833
Bott; Martin Harold Phillips (1926 - 2018),Fellow,17/03/1977
Bott; Raoul (1923 - 2005),Foreign Member,26/05/2005
Bottomley; James Thomson (1845 - 1926),Fellow,7/06/1888
Bottoni; Domenico (1641 - 1721),Fellow,23/10/1695
Bougainville; Louis Antoine de (1729-1811),Fellow,08 January 1756
Boughton; Sir; Charles William Rouse (- 1821),Fellow,5/05/1814
Boughton; Sir; William Edward Rouse (1788 - 1856),Fellow,5/05/1814
Bouguer; Pierre (1698 - 1758),Fellow,25/01/1750
Boulenger; George Albert (1858 - 1937),Fellow,7/06/1894
Boulton; Geoffrey Stewart,Fellow,12/03/1992
Boulton; Matthew (1728 - 1809),Fellow,24/11/1785
Bourdelin; Claude (1667 - 1711),Fellow,17/03/2020
Bourne; Gilbert Charles (1861 - 1933),Fellow,05/05/1910
Bourne; Sir; Alfred Gibbs (1859 - 1940),Fellow,13/06/1895
Jacques-Louis (1751 - 1825); Count of Bournon,Fellow,25/02/1802
Bousfield; William Robert (1854 - 1943),Fellow,11/05/1916
Bouvard; Alexis (1767 - 1843),Foreign Member,23/11/1826
Bouverie; William (1725 - 1776); 1st Earl of Radnor,Fellow,17/12/1767
Bovet; Daniel (1907 - 1992),Foreign Member,03/05/1962
Bovey; Henry Taylor (1850 - 1912),Fellow,05/06/1902
Bovill; Sir; William (1814 - 1873),Fellow,9/05/1867
Bowden; Frank Philip (1903 - 1968),Fellow,18/03/1948
Bowditch; Nathaniel (1773 - 1838),Foreign Member,12/03/1818
Bowdler; Thomas (1754 - 1825),Fellow,10/05/1781
Bowdoin; James (1726 - 1790),Fellow,3/04/1788
Bowen; Charles Synge Christopher (1835 - 1894); Baron Bowen,Fellow,21/05/1885
Bowen; David Keith,Fellow,14/05/1998
Bowen; Edmund John (1898 - 1980),Fellow,16/05/1935
Bowen; Edward George (1911 - 1991),Fellow,20/03/1975
Bowen; Norman Levi (1887 - 1956),Foreign Member,12/05/1949
Bower; Frederick Orpen (1855 - 1948),Fellow,4/06/1891
Bower; Thomas (fl 1703 - 1723),Fellow,23/10/1712
Bowerbank; James Scott (1797 - 1877),Fellow,17/11/1842
Bowes; Martin (c 1671 - 1726),Fellow,30/11/1699
Bowie; Stanley Hay Umphray,Fellow,20/03/1975
Bowman; Sir; William (1816 - 1892),Fellow,22/04/1841
Bowman; Walter (- 1782),Fellow,4/11/1742
Bowring; Sir; John (1792 - 1872),Fellow,5/06/1856
Box; George Edward Pelham (1919 - 2013),Fellow,21/03/1985
Boxer; Edward Mourrier (1822 - 1898),Fellow,3/06/1858
Boxshall; Geoffrey Allan,Fellow,10/03/1994
Boyce; Sir; Rubert William (1863 - 1911),Fellow,05/06/1902
Boycott; Arthur Edwin (1877 - 1938),Fellow,07/05/1914
Boycott; Brian Blundell (1924 - 2000),Fellow,18/03/1971
Boyd-Orr; John (1880 - 1971); 1st Baron Boyd-Orr of Brechin Mearns,Fellow,05/05/1932
Boyd; Sir; John Smith Knox (1891 - 1981),Fellow,15/03/1951
Boyd; Sir; Robert Lewis Fullarton (1922 - 2004),Fellow,20/03/1969
Boyer; Jean Baptiste Nicolas (1693 - 1768),Fellow,20/04/1749
Boyle; Charles (1639 - 1694); Viscount Dungarvan,Fellow,6/01/1664
Boyle; Charles (1674 - 1731); 4th Earl of Orrery,Fellow,3/04/1706
Boyle; Courtenay (1770 - 1844),Fellow,23/06/1814
Boyle; George (1765 - 1843); 4th Earl of Glasgow,Fellow,5/06/1788
"Boyle; John (1707 - 1762); 5th Earl of Cork, 5th Earl of Orrery and 2nd Baron Marston",Fellow,23/10/1746
Boyle; Richard (- 1665),Original Fellow,20/05/1663
Boyle; Richard (1695 - 1753); 3rd Earl of Burlington and 4th Earl of Cork,Fellow,25/10/1722
Boyle; Robert (1627 - 1691); Natural Philosopher and Chemist,Founder Fellow,28/11/1660
Boylstone; Zabdiel (1679 - 1766),Fellow,7/07/1726
Boys; Samuel Francis (1911 - 1972),Fellow,16/03/1972
Boys; Sir; Charles Vernon (1855 - 1944),Fellow,7/06/1888
Boyse; Edward Arthur,Fellow,17/03/1977
Boze; Claude Gros de (1680 - 1753),Fellow,6/04/1749
Brachet; Albert Auguste Toussaint (1869 - 1930),Foreign Member,21/06/1928
Brachet; Jean (1909 - 1988),Foreign Member,21/04/1966
Braddon; Laurence (- 1724),Fellow,27/04/1681
Bradford; Sir; John Rose (1863 - 1935),Fellow,7/06/1894
Bradley; Albert James (1899 - 1972),Fellow,16/03/1939
Bradley; Allan,Fellow,13/05/2002
Bradley; Daniel Joseph (1928 - 2010),Fellow,18/03/1976
Bradley; Derek,Fellow,17/03/1988
Bradley; Donal Donat Conor (1962 -),Fellow,27/05/2004
Bradley; Donald Charlton (1924 - 2014),Fellow,20/03/1980
Bradley; James (1693 - 1762),Fellow,6/11/1718
Bradley; Richard (- 1732),Fellow,1/12/1712
Bradshaw; Alexander Marian,Fellow,15/05/2008
Bradshaw; Anthony David,Fellow,18/03/1982
Bradshaw; Peter,Fellow,19/03/1981
Brady; George Stewardson (1832 - 1921),Fellow,8/06/1882
Brady; Henry Bowman (1835 - 1891); Naturalist and Pharmacist,Fellow,4/06/1874
Brady; Sir; John Michael,Fellow,15/05/1997
Bragg; Lord; Melvyn (1939 -); Bragg of Wigton,Honorary Fellow,16/07/2010
Bragg; Sir; William Henry (1862 - 1942); Knight Physicist,Fellow,02/05/1907
Bragg; Sir; William Lawrence (1890 - 1971),Fellow,12/05/1921
Brain; Walter Russell (1895 - 1966); 1st Baron Brain of Eynsham,Fellow,19/03/1964
Braithwaite; Daniel (c 1731 - 1817),Fellow,14/03/1782
Brakefield; Paul Martin,Fellow,20/05/2010
Brakenridge; William (c 1700 - 1762),Fellow,9/11/1752
Brambell; Francis William Rogers (1901 - 1970),Fellow,17/03/1949
Bramwell; George William Wilshere (1808 - 1892); Baron Bramwell,Fellow,12/01/1882
Bramwell; Sir; Frederick Joseph (1818 - 1903),Fellow,12/06/1873
Brand; Andrea Hilary,Fellow,20/05/2010
Brande; William Thomas (1788 - 1866),Fellow,13/04/1809
Brander; Gustavus (1720 - 1787),Fellow,7/03/1754
Brandis; Sir; Dietrich (1824 - 1907),Fellow,3/06/1875
Brandreth; Henry Rowland (- 1848),Fellow,21/01/1841
Brandreth; Thomas Shaw (1788 - 1873),Fellow,8/03/1821
Brassard; Gilles,Fellow,02/05/2013
Brattle; William (1662 - 1717),Fellow,11/03/1714
Bray; Kenneth Noel Corbett (1929 -),Fellow,14/03/1991
Brayley; Edward William (1802 - 1870); Writer on Science,Fellow,1/06/1854
Breau; Jean Louis Armand de Quatrefages de (1810 - 1892),Foreign Member,3/04/1879
Bree; Robert (1759 - 1839),Fellow,11/02/1808
Bremond; Francois de (1713 - 1742),Fellow,26/02/1741
Brenner; Sydney (1927 - 2019),Fellow,18/03/1965
Brereton; Owen Salusbury (1715 - 1798),Fellow,17/06/1762
Brereton; William (1632 - 1680); 3rd Baron Brereton,Original Fellow,22/04/1663
Breslow; Ronald (1931 - 2017),Foreign Member,11/05/2000
Bretscher; Mark Steven,Fellow,21/03/1985
Brewster; Sir; David (1781 - 1868); Knight Natural Philosopher,Fellow,4/05/1815
Breynius; Johannes Philippus (c 1680 - 1764),Fellow,21/04/1703
Brezin; Edouard,Foreign Member,18/05/2006
Brian; Percy Wragg (1910 - 1979),Fellow,20/03/1958
Bridge; Bewick (1767 - 1833),Fellow,11/06/1812
Bridge; Thomas William (1848 - 1909),Fellow,11/06/1903
Bridgeland; Thomas,Fellow,01/05/2014
Bridgeman; Orlando (- 1731),Fellow,29/04/1696
Bridgeman; Sir; Orlando (1649 - 1701),Fellow,23/03/1698
Bridgeman; William (fl 1679),Fellow,18/12/1679
Bridgen; Edward (- 1787),Fellow,13/03/1777
Bridges; Edward Ettingdean (1892 - 1969); Baron Bridges,Fellow,15/05/1952
Bridges; John (1666 - 1724),Fellow,7/04/1708
Bridges; Sir; Brook (1679 - 1728),Fellow,12/05/1726
Bridgman; Percy Williams (1882 - 1961),Foreign Member,12/05/1949
Bridgman; William (- 1847),Fellow,15/03/1821
Bridson; Martin,Fellow,28/04/2016
Briggs; Derek Ernest Gilmor,Fellow,13/05/1999
Briggs; George Edward (1893 - 1985),Fellow,16/05/1935
Briggs; John (1785 - 1875),Fellow,22/11/1838
Briggs; Robert (1660 - 1718),Fellow,30/11/1693
Bright; Richard (1789 - 1858),Fellow,8/03/1821
Brigstocke; Owen (1679 - 1746),Fellow,30/11/1710
Brimble nee MacMillan; Dame; Margaret Anne,Fellow,09/05/2018
Brindley; Giles Skey,Fellow,18/03/1965
Brink; David Maurice,Fellow,19/03/1981
Brinkley; John (1763 - 1835); Bishop of Cloyne; Astronomer,Fellow,17/03/1803
Brinton; William (1823 - 1867),Fellow,2/06/1864
Brisbane; Sir; Thomas Makdougall (1773 - 1860),Fellow,10/05/1810
Briscoe; James,Fellow,28/03/2019
Bristow; Henry William (1817 - 1889),Fellow,5/06/1862
Bristow; William (- 1758),Fellow,25/03/1742
Bristowe; John Syer (1827 - 1895),Fellow,2/06/1881
Broadbent; Donald Eric (1926 - 1993),Fellow,21/03/1968
Broadbent; Edward Granville; Professor,Fellow,17/03/1977
Broadbent; Sir; William Henry (1835 - 1907),Fellow,3/06/1897
Brockdorff; Neil,Fellow,09/05/2018
Brockedon; William (1787 - 1854),Fellow,18/12/1834
Brockes; Jeremy Patrick,Fellow,10/03/1994
Brockhouse; Bertram Neville (1918 - 2003),Fellow,18/03/1965
Brocklesby; Richard (1722 - 1797),Fellow,26/02/1747
Broderip; Charles (fl 1816),Fellow,11/01/1816
Broderip; William John (1789 - 1859),Fellow,14/02/1828
Brodie; James (1744 - 1824),Fellow,6/07/1797
Brodie; Sir; Benjamin Collins (1783 - 1862); 1st Baronet Surgeon,Fellow,18/02/1810
Brodie; Sir; Benjamin Collins (1817 - 1880),Fellow,7/06/1849
Brodie; Thomas Gregor (1866 - 1916),Fellow,05/05/1904
Broecker; Wallace Smith (1931 - 2019),Foreign Member,17/05/2007
Broers; Sir; Alec Nigel,Fellow,20/03/1986
Brogger; Waldemar Christofer (1851 - 1940),Foreign Member,27/11/1902
Broglie; Louis Cesar Victor Maurice de (1875 - 1960); Duc de Broglie,Foreign Member,23/05/1940
Broglie; Louis Victor Pierre Raymond de (1892 - 1987); Duc de Broglie,Foreign Member,23/04/1953
Bromfield; Robert (- 1786),Fellow,15/04/1779
Bromfield; Thomas (c 1678 - 1722),Fellow,11/03/1714
Bromhead; Sir; Edward Thomas Ffrench (1789 - 1855),Fellow,13/03/1817
Bromwich; Thomas John I'Anson (1875 - 1929),Fellow,03/05/1906
Brongniart; Adolphe Theodore (1801 - 1876),Foreign Member,25/11/1852
Brongniart; Alexandre (1770 - 1847),Foreign Member,9/06/1825
Bronk; Detlev Wulf (1897 - 1975),Foreign Member,27/05/1948
Brooke; Charles (1804 - 1879),Fellow,4/03/1847
Brooke; Henry James (1771 - 1857),Fellow,22/04/1819
Brooke; John (1773 - 1821),Fellow,21/01/1819
Brooke; Sir; Arthur de Capell (1791 - 1858),Fellow,29/05/1823
Brooke; Sir; John (c 1635 - 1691),Original Fellow,8/01/1662
Brooke; Sir; William O'Shaughnessy (1809 - 1889),Fellow,16/03/1843
Brookes; Joshua (1761 - 1833),Fellow,18/11/1819
Brookesbank; Joseph (- 1759),Fellow,13/06/1751
Brooks; Frederick Tom (1882 - 1952),Fellow,15/05/1930
Brooksby; John Burns (1914 - 1998),Fellow,20/03/1980
Broom; Robert (1866 - 1951),Fellow,13/05/1920
Brougham; Henry Peter (1778 - 1868); Baron Brougham and Vaux,Fellow,03/03/1803
Broughton; Robert Edwards (c 1781 - 1860),Fellow,17/02/1842
Broughton; Samuel Daniel (1787 - 1837),Fellow,11/02/1830
Broun; John Allan (1817 - 1879),Fellow,2/06/1853
Brouncker; William (c 1620 - 1684); 2nd Viscount Brouncker,Founder Fellow,28/11/1660
Broussonet; Peter Maria Augustus (1761 - 1807),Fellow,14/02/1782
Brouwer; Luitzen Egbertus Jan (1881 - 1966),Foreign Member,27/05/1948
Brown-Sequard; Charles Edward (1817 - 1894),Fellow,7/06/1860
Brown; Adrian John (1852 - 1919),Fellow,04/05/1911
Brown; Alexander Crum (1838 - 1922),Fellow,12/06/1879
Brown; Daniel McGillivray,Fellow,18/03/1982
Brown; David Anthony,Fellow,15/03/1990
Brown; Edward (1644 - 1708),Fellow,2/01/1668
Brown; Ernest William (1866 - 1938),Fellow,9/06/1898
Brown; Fred (1925 - 2004),Fellow,19/03/1981
Brown; Horace Tabberer (1848 - 1925),Fellow,6/06/1889
Brown; John (1850 - 1911),Fellow,05/06/1902
Brown; John Michael,Fellow,14/03/1996
Brown; John Milton,Fellow,15/05/2003
Brown; Lawrence Michael,Fellow,18/03/1982
Brown; Littleton (- 1749),Fellow,15/01/1730
Brown; Malcolm Watson,Fellow,27/05/2004
Brown; Michael S,Foreign Member,20/06/1991
Brown; Nicholas (fl 1826),Fellow,15/06/1826
Brown; Robert (1773 - 1858),Fellow,12/12/1811
Brown; Robert (1908 - 1999),Fellow,15/03/1956
Brown; Sidney George (1873 - 1948),Fellow,11/05/1916
Brown; Sir; George Lindor (1903 - 1971); Knight Physiologist,Fellow,21/03/1946
Brown; Sir; George Malcolm (1925 - 1997),Fellow,20/03/1975
Brown; Stephen,Fellow,30/04/2015
Brown; Thomas Graham (1882 - 1965),Fellow,12/05/1927
Brown; William (1888 - 1975),Fellow,17/03/1938
Brown; William (c 1747 - 1794),Fellow,20/02/1777
Browne; Edmund John Philip; Baron Browne of Madingley,Fellow,18/05/2006
Browne; Henry (c 1754 - 1830),Fellow,25/05/1797
Browne; Isaac Hawkins (1705 - 1760),Fellow,22/02/1750
Browne; Isaac Hawkins (1745 - 1818),Fellow,5/07/1770
Browne; John (-1735),Fellow,30/11/1721
Browne; Sir; William (1692 - 1774),Fellow,15/02/1739
Browne; Thomas (1673 - 1710),Fellow,30/11/1699
Browning; Carl Hamilton (1881 - 1972),Fellow,10/05/1928
Browning; Keith Anthony,Fellow,16/03/1978
Brownlee; George Gow,Fellow,19/03/1987
Brownlow; John (1744 - 1807); Baron Brownlow of Belton,Fellow,8/05/1783
Brownlow; John (c 1690 - 1754); Viscount Tyrconnel,Fellow,17/04/1735
Brownrigg; William (1711 - 1800),Fellow,20/05/1742
Bruce; Alexander (c 1629 - 1680); 2nd Earl of Kincardine,Founder Fellow,28/11/1660
Bruce; David (fl 1657-1690),Original Fellow,20/05/1663
Bruce; Henry Austin (1815 - 1895); 1st Baron Aberdare,Fellow,20/01/1876
Bruce; James (1730 - 1794),Fellow,11/01/1776
Bruce; John (1745 - 1826),Fellow,26/05/1791
Bruce; Peter George,Fellow,17/05/2007
Bruce; Robert (1626 - 1685); 2nd Earl of Elgin and 1st Earl of Ailesbury,Fellow,20/05/1663
Bruce; Sir; David (1855 - 1931),Fellow,1/06/1899
Bruce; Stanley Melbourne (1883 - 1967); Viscount Bruce of Melbourne,Fellow,15/06/1944
Johann Moritz (1736 - 1809); Count of Bruhl,Fellow,7/11/1765
Brunel; Isambard Kingdom (1806 - 1859),Fellow,10/06/1830
Brunel; Sir; Marc Isambard (1769 - 1849),Fellow,24/03/1814
Bruni; Giuseppe Lorenzo (- 1775),Fellow,23/02/1744
Brunt; Sir; David (1886 - 1965),Fellow,16/03/1939
Brunton; Sir; Thomas Lauder (1844 - 1916),Fellow,4/06/1874
Bruyne; Norman Adrian de (1904 - 1997),Fellow,16/03/1967
Bryan; George Hartley (1864 - 1928),Fellow,13/06/1895
Bryant; Peter Elwood,Fellow,14/03/1991
Bryce; James (1838 - 1922); Viscount Bryce,Fellow,14/12/1893
Bryce; Thomas Hastie (1862 - 1946),Fellow,11/05/1922
Bryden; Harry Leonard,Fellow,26/05/2005
Brydges; James (1674 - 1744); 1st Duke of Chandos,Fellow,30/11/1694
Brydone; Patrick (1736 - 1818),Fellow,4/03/1773
Bryson; Alexander (1802 - 1869),Fellow,1/06/1854
Bryson; Bill,Honorary Fellow,02/05/2013
Buch; Leopold von (1774 - 1853),Foreign Member,15/05/1828
Buchan; Alexander (1829 - 1907),Fellow,9/06/1898
Buchanan; Francis Hamilton (1762 - 1829),Fellow,1/05/1806
Buchanan; John Young (1844 - 1925),Fellow,9/06/1887
Buchanan; Sir; George (1831 - 1895),Fellow,8/06/1882
Buchner; Andreas Elias (1701 - 1769),Fellow,17/02/1763
Buck; Linda B,Foreign Member,30/04/2015
Buck; Martin; Professor,Fellow,14/05/2009
Buckingham; Amyand David,Fellow,20/03/1975
Buckingham; Margaret Elizabeth,Foreign Member,02/05/2013
"Buckland; William (1784 - 1856); Dean of Westminster, Geologist",Fellow,26/02/1818
Bucknill; Sir; John Charles (1817 - 1897),Fellow,07/06/1866
Buckton; George Bowdler (1818 - 1905),Fellow,11/06/1857
Budd; George (1808 - 1882),Fellow,21/01/1836
Budd; William (1811 - 1880),Fellow,8/06/1871
Budden; Kenneth George (1915 - 2005),Fellow,17/03/1966
Bugge; Thomas (1740 - 1815),Fellow,3/04/1788
Buissiere; Paul (c 1655 - 1739),Fellow,30/11/1699
Buist; George (1805 - 1860),Fellow,29/01/1846
Bulbring; Edith (1903 - 1990),Fellow,20/03/1958
Bulgaris; Eugenius (1716 - 1806),Fellow,3/04/1788
Bulkeley; Sir; Richard (1660 - 1710),Fellow,25/11/1685
Bullard; Sir; Edward Crisp (1907 - 1980); Knight Geophysicist,Fellow,20/03/1941
Bullen; Keith Edward (1906 - 1976),Fellow,17/03/1949
Buller; Arthur Henry Reginald (1874 - 1944); Mycologist,Fellow,02/05/1929
Buller; Sir; Walter Lawry (1838 - 1906); Ornithologist,Fellow,12/06/1879
Bullerwell; William (1916 - 1977),Fellow,16/03/1972
Bullialdus; Ismael (1605 - 1694),Fellow,4/04/1667
Bulloch; William (1868 - 1941),Fellow,01/05/1913
Bullough; Ronald,Fellow,21/03/1985
Bulman; Oliver Meredith Boone (1902 - 1974),Fellow,14/03/1940
Bulmer; Michael George,Fellow,15/05/1997
Bunbury; Sir; Charles James Fox (1809 - 1886),Fellow,5/06/1851
Bundy; Alan Richard,Fellow,19/04/2012
Buneman; Oscar Peter,Fellow,14/05/2009
Bunn; Charles William (1905 - 1990),Fellow,16/03/1967
Bunsen; Robert Wilhelm (1811 - 1899),Foreign Member,25/11/1858
Burbidge; Eleanor Margaret,Fellow,19/03/1964
Burbidge; Geoffrey Ronald (1925 - 2010),Fellow,21/03/1968
Burbury; Samuel Hawksley (1831 - 1911),Fellow,5/06/1890
Burch; Cecil Reginald (1901 - 1983),Fellow,16/03/1944
Burch; George James (1852 - 1914),Fellow,14/06/1900
Burcham; William Ernest (1913 - 2008),Fellow,21/03/1957
Burdekin; Frederick Michael,Fellow,11/03/1993
Burdon-Sanderson; Sir; John Scott (1828 - 1905),Fellow,6/06/1867
Burge; William (1786 - 1849),Fellow,21/05/1840
Burgen; Sir; Arnold Stanley Vincent,Fellow,19/03/1964
Burgess; Neil,Fellow,04/05/2017
Burgess; Thomas (1756 - 1837),Fellow,19/02/1807
Burgh Daly; Ivan de (1893 - 1974),Fellow,18/03/1943
Burgh; John Smith De (1720 - 1782); 11th Earl of Clanricarde,Fellow,8/02/1753
Burgoyne; Sir; John Fox (1782 - 1871); Engineer,Fellow,5/06/1856
Burhop; Eric Henry Stonely (1911 - 1980),Fellow,21/03/1963
Burke; Philip George (1932 - 2019),Fellow,16/03/1978
Burkill; John Charles (1900 - 1993),Fellow,19/03/1953
Burkitt; Denis Parsons (1911 - 1993),Fellow,16/03/1972
Burland; John Boscawen,Fellow,15/05/1997
Burman; Eric (1692 - 1729),Fellow,27/06/1728
Burn; Joshua Harold (1892 - 1981),Fellow,19/03/1942
Burne; Richard Higgins (1868 - 1953),Fellow,12/05/1927
Burnes; James (1801 - 1862),Fellow,2/04/1835
Burnes; Sir; Alexander (1805 - 1841),Fellow,10/04/1834
Burnet; John (1784 - 1868),Fellow,16/03/1837
Burnet; Sir; Frank Macfarlane (1899 - 1985),Fellow,19/03/1942
Burnet; Thomas (- 1875),Fellow,3/05/1838
Burnett; Gilbert (1643 - 1715),Fellow,23/03/1664
Burnett; Gilbert (1690 - 1726),Fellow,30/11/1723
Burnett; Keith,Fellow,10/05/2001
Burnett; Sir; Thomas (1694 - 1753),Fellow,22/12/1748
Burnett; Sir; William (1779 - 1861),Fellow,18/04/1833
Burnett; William (1688 - 1729),Fellow,13/02/1706
Burney; Charles (1726 - 1814),Fellow,16/12/1773
Burney; Charles (1757 - 1817),Fellow,25/02/1802
Burney; Charles Parr (1785 - 1864),Fellow,22/12/1814
Burney; James (1750 - 1821),Fellow,8/06/1809
Burns; Benedict Delisle (1915 - 2001),Fellow,21/03/1968
Burns; John (1774 - 1850),Fellow,1/04/1830
Burnside; William (1852 - 1927),Fellow,1/06/1893
Burnstock; Geoffrey,Fellow,20/03/1986
Burrard; Sir; Sidney Gerald (1860 - 1943),Fellow,05/05/1904
Burrell; Peter (1724 - 1775),Fellow,28/05/1752
Burroughes; Jeremy Henley,Fellow,19/04/2012
Burroughs; Sir; William (- 1829),Fellow,24/04/1817
Burrow; Edward John (1785 - 1861),Fellow,26/02/1818
Burrow; Robert (- 1793),Fellow,18/03/1762
Burrow; Sir; James (1701 - 1782),Fellow,7/04/1737
Burrows; John,Fellow,28/04/2016
Burrows; Malcolm (1943 -),Fellow,21/03/1985
Burrows; Michael (1962 -),Fellow,02/05/2013
Burrows; Sir; George (1801 - 1887),Fellow,22/04/1847
Burt; Thomas Seymour (c 1805 - 1890),Fellow,17/03/1836
Burton; Decimus (1800 - 1881),Fellow,06/12/1832
Burton; Edward (1791 - 1867),Fellow,5/05/1836
Burton; Kenneth (1926 - 2010),Fellow,21/03/1974
Bury; Charles William (1764 - 1835); 1st Earl of Charleville,Fellow,31/03/1803
Bury; Edward (1794 - 1858),Fellow,1/02/1844
Bury; Sir; Thomas (1655 - 1722),Fellow,1/12/1718
"Burzynski; Thaddeus Joseph, (- 1773)",Fellow,11/05/1769
Busby; John (fl 1719),Fellow,9/04/1719
Busby; Stephen John Williams,Fellow,26/05/2005
Bushe; Amyas (fl 1758),Fellow,15/06/1758
Busk; George (1807 - 1886),Fellow,6/06/1850
Butenandt; Adolf Friedrich Johann (1903 - 1995),Foreign Member,25/04/1968
Butler; Colin Gasking (1913 - 2016),Fellow,19/03/1970
Butler; George (1774 - 1853),Fellow,20/05/1819
Butler; John Alfred Valentine (1899 - 1977),Fellow,15/03/1956
Butler; Peter,Fellow,28/03/2019
Butler; Samuel (1774 - 1839); Bishop of Lichfield,Fellow,27/06/1822
Butler; Sir; Clifford Charles (1922 - 1999),Fellow,16/03/1961
Butler; Sir; Edwin John (1874 - 1943),Fellow,06/05/1926
Butt; John Martin (- 1769),Fellow,26/02/1767
Butter; John (1791 - 1877),Fellow,21/03/1822
Butterworth; Anthony Edward (1945 -),Fellow,10/03/1994
Butterworth; Ian (1930 - 2013),Fellow,19/03/1981
Buxton; George (1730 - 1805),Fellow,22/04/1779
Buxton; Patrick Alfred (1892 - 1955),Fellow,18/03/1943
Buys; Willem (1661 - 1749),Fellow,13/02/1706
Byng; George (1768 - 1831); 6th Viscount Torrington,Fellow,19/06/1817
Byng; George Stevens (1806 - 1886); 2nd Earl of Stafford,Fellow,6/05/1841
Byrd; William (1674 - 1744),Fellow,29/04/1696
Byrom; John (1692 - 1763),Fellow,12/03/1724
Byron; George Gordon (1788 - 1824); 6th Baron Byron,Fellow,11/01/1816
Bysshe; Sir; Edward (c 1615 - 1679),Original Fellow,22/06/1663
Cabbell; Benjamin Bond (1781 - 1874),Fellow,19/01/1837
Cadell; William Archibald (1775 - 1855),Fellow,28/06/1810
Cadman; John (1877 - 1941); Baron Cadman of Silverdale,Fellow,14/03/1940
Cadogan; Charles (1685 - 1776); 2nd Baron Cadogan,Fellow,1/12/1718
Cadogan; Sir; John Ivan George; Chemist,Fellow,18/03/1976
Cadogan; William (1711 - 1797),Fellow,28/05/1752
Cahn; Robert Wolfgang (1924 - 2007),Fellow,14/03/1991
Cain; Arthur James (1921 - 1999),Fellow,16/03/1989
Caird; Sir; James (1816 - 1892),Fellow,3/06/1875
Cairns; Hugh John Forster (1922 - 2018),Fellow,21/03/1974
Caldani; Marco Antonio Leopoldo (1725 - 1813),Fellow,4/06/1772
Caldcleugh; Alexander (- 1858),Fellow,10/03/1831
Caldecott; John (1800 - 1849),Fellow,20/02/1840
Calderwood; William (- 1787),Fellow,6/06/1776
Caldwell; Peter Christopher (1927 - 1979),Fellow,20/03/1975
Caldwell; Sir; James (c 1722 - 1784),Fellow,21/12/1752
Caley; John (c 1763 - 1834),Fellow,7/06/1821
Call; Sir; John (1732 - 1801),Fellow,9/11/1775
Calladine; Christopher Reuben,Fellow,15/03/1984
Callaghan; Paul Terence,Fellow,10/05/2001
Callan; Harold Garnet (1917 - 1993),Fellow,21/03/1963
Callendar; Hugh Longbourne (1863 - 1930),Fellow,7/06/1894
Callender; George William (1830 - 1878),Fellow,8/06/1871
Callow; Robert Kenneth (1901 - 1983),Fellow,20/03/1958
Calman; William Thomas (1871 - 1952),Fellow,12/05/1921
Calmette; Leon Charles Albert (1863 - 1933),Foreign Member,05/05/1921
Calne; Sir; Roy Yorke,Fellow,21/03/1974
Calver; Edward Killwick (1813 - 1892),Fellow,12/06/1873
Calvert; Benedict Leonard (1700 - 1732),Fellow,25/03/1731
Calvert; Charles (1699 - 1751); 5th Baron Baltimore,Fellow,9/12/1731
Calvert; Frederick (1732 - 1771); 6th Baron Baltimore,Fellow,26/02/1767
Calvert; Frederick Crace (1819 - 1873),Fellow,09/06/1859
Calvert; Peter (- 1788),Fellow,29/03/1781
Calvin; Melvin (1911 - 1997),Foreign Member,23/04/1959
Camac; William (c 1762 - 1837),Fellow,1/02/1821
Cambridge; Alexander Augustus Frederick William Alfred George (1874 - 1957); Earl of Athlone,Statute 12,17/06/1937
Cameron; John (1817 - 1878),Fellow,4/06/1868
Cameron; Sir; Gordon Roy (1899 - 1966),Fellow,21/03/1946
Campbell-Johnston; Alexander Robert (1812 - 1888),Fellow,5/06/1845
Campbell; Archibald (1629 - 1685); 9th Earl of Argyll,Fellow,28/10/1663
Campbell; Archibald Campbell (1835 - 1908); 1st Baron Blythswood,Fellow,02/05/1907
Campbell; Colin (- 1752),Fellow,10/12/1730
Campbell; Eleanor Elizabeth Bryce,Fellow,20/05/2010
Campbell; Fergus William (1924 - 1993),Fellow,16/03/1978
Campbell; George (- 1766),Fellow,10/12/1730
Campbell; George Douglas (1823 - 1900); 8th Duke of Argyll,Fellow,19/06/1851
Campbell; Hugh (1708 - 1794); 3rd Earl of Marchmont,Fellow,1/02/1753
Campbell; Hugh (fl 1748),Fellow,19/05/1748
Campbell; Iain Donald (1941 - 2014),Fellow,09/03/1995
Campbell; James (- 1733),Fellow,1/12/1718
Campbell; John (1705 - 1782); 4th Earl of Loudoun,Fellow,9/02/1738
Campbell; John (1762 - 1834); 4th Earl of Breadalbane,Fellow,19/02/1784
Campbell; John (1790 - 1860); 1st Earl of Cawdor,Fellow,11/06/1812
Campbell; John (1796 - 1862); 2nd Marquess of Breadalbane,Fellow,05/06/1834
Campbell; John (c 1720 - 1790),Fellow,17/05/1764
Campbell; John (c 1755 - 1821); Baron Cawdor,Fellow,4/06/1795
Campbell; John Douglas Edward Henry (1777 - 1847); 7th Duke of Argyll,Fellow,20/05/1819
Campbell; John Edward (1862 - 1924),Fellow,11/05/1905
Campbell; Lord; Frederick (1729 - 1816),Fellow,7/11/1793
Campbell; Simon Fraser,Fellow,13/05/1999
Campbell; William Wallace (1862 - 1938),Foreign Member,28/02/1918
Camper; Peter (1722 - 1789),Fellow,17/01/1751
Camus; Charles-Etienne-Louis (1699 - 1768),Fellow,26/01/1764
Candelas; Philip,Fellow,20/05/2010
Candolle; Alphonse Louis Pierre Pyramus de (1806 - 1893),Foreign Member,29/04/1869
Candolle; Augustin Pyramus de (1778 - 1841),Foreign Member,18/04/1822
Cann; Johnson Robin,Fellow,09/03/1995
Canning; George (1770 - 1827),Fellow,12/01/1826
Canning; George (1778 - 1840); 1st Baron Garvagh,Fellow,1/02/1810
Cannizzaro; Stanislao (1826 - 1910),Foreign Member,5/12/1889
Cannon; Herbert Graham (1897 - 1963),Fellow,16/05/1935
Cannon; Walter Bradford (1871 - 1945),Foreign Member,11/05/1939
Canton; John (1718 - 1772); Natural Philosopher,Fellow,22/03/1750
Cantrell; Doreen,Fellow,19/05/2011
Cantwell; Andrew (- 1764),Fellow,1/06/1738
Canvane; Peter (c 1720 - 1786),Fellow,16/05/1765
Cape; Jonathan (c 1790 - 1868),Fellow,3/06/1852
Capel; William (1697 - 1743); 3rd Earl of Essex,Fellow,17/11/1737
Capeller; Maurice Antonio de (1685 - 1769),Fellow,15/04/1725
Capello; Pietro Andrea (fl 1744),Fellow,7/06/1744
Capper; Robert (1767 - 1851),Fellow,26/01/1797
Caraccioli; Domenico (1715 - 1789),Fellow,23/05/1765
Carafa; Giovanni (? 1715 - 1768); Duke of Noia,Fellow,8/03/1759
Carbone; Joanne Baptista (- c 1750),Fellow,6/11/1729
Carburi; Giovanni Battista (1722 - ? 1808); Count Carburi,Fellow,21/03/1765
Card; Henry (1779 - 1844),Fellow,2/03/1820
Cardelli; Luca,Fellow,26/05/2005
Cardwell; Edward (1813 - 1886); Viscount Cardwell,Fellow,18/12/1873
Cardy; John Lawrence,Fellow,14/03/1991
Carkesse; James (fl 1657 - 1675),Fellow,23/03/1664
Carleson; Lennart Axel Edvard,Foreign Member,17/06/1993
Carleton; Richard (1792 - 1869),Fellow,9/02/1826
Carlini; Francesco (1783 - 1862),Foreign Member,9/06/1832
Carlisle; Nicholas (1771 - 1847),Fellow,19/05/1814
Carlisle; Sir; Anthony (1768 - 1842),Fellow,08/03/1804
Carmichael; Ian Stuart Edward,Fellow,13/05/1999
Carnac; John (1716 - 1800),Fellow,20/02/1772
Carnac; Sir; James Rivett (1784 - 1846),Fellow,3/05/1838
Carne; Joseph (1782 - 1858),Fellow,28/05/1818
Carnegie; Sir; David (1753 - 1805),Fellow,21/11/1799
Carpenter; George (? 1694 - 1749); 2nd Baron Carpenter of Killaghy,Fellow,5/06/1729
Carpenter; Lucy Jane,Fellow,28/03/2019
Carpenter; Philip Herbert (1852 - 1891),Fellow,4/06/1885
Carpenter; Sir; Henry Cort Harold (1875 - 1940),Fellow,02/05/1918
Carpenter; William Benjamin (1813 - 1885); Naturalist,Fellow,1/02/1844
Carpue; Joseph Constantine (1764 - 1846),Fellow,13/02/1817
Carr; Robert James (1774 - 1841),Fellow,24/02/1831
Carr; Thomas William (- 1829),Fellow,27/04/1815
Carr; William (- 1742),Fellow,22/06/1727
Carr; William Holwell (1758 - 1830),Fellow,16/01/1806
Carrell; Robin Wayne,Fellow,13/05/2002
Carrington; Alan (1934 - 2013),Fellow,18/03/1971
Carrington; Richard Christopher (1826 - 1875); Astronomer,Fellow,7/06/1860
Carrington; Robert John (1796 - 1868); 2nd Baron Carrington,Fellow,14/02/1839
Carrington; Sir; Codrington Edmund (1769 - 1849),Fellow,18/12/1800
Carron; Count of Briancon (- 1709),Fellow,5/06/1706
Carruthers; William (1830 - 1922),Fellow,8/06/1871
Carson; James (1772 - 1843),Fellow,1/06/1837
Carstairs; John (- 1837),Fellow,14/03/1811
Cartan; Elie Joseph (1869 - 1951),Foreign Member,01/05/1947
Cartan; Henri Paul,Foreign Member,22/04/1971
Carter; Brandon,Fellow,19/03/1981
Carter; Frederick William (1870 - 1952),Fellow,05/05/1932
Carter; Henry John (1813 - 1895),Fellow,9/06/1859
Carteret; Sir; Philippe (1642 - 1672),Fellow,15/02/1665
Cartwright; Dame; Mary Lucy (1900 - 1998),Fellow,20/03/1947
Cartwright; David Edgar,Fellow,15/03/1984
Cartwright; Edmund (1743 - 1823),Fellow,5/04/1821
Cartwright; Samuel (1789 - 1864),Fellow,11/02/1841
Cartwright; Thomas (1671 - 1748),Fellow,5/04/1716
Caruso; Francesco,Fellow,09/05/2018
Carvalho e Mello; Sebastian Joseph de (1699 - 1782); Marquis of Pombal,Fellow,15/05/1740
Cary; Walter (- 1757),Fellow,22/06/1727
Charles (- 1795); Marquis of Casaux,Fellow,13/04/1780
Casey; John (1820 - 1891),Fellow,3/06/1875
Casey; Raymond (1917 - 2016),Fellow,19/03/1970
Cash; John Theodore (1854 - 1936),Fellow,9/06/1887
Cashman; Katherine Venables,Fellow,28/04/2016
Cashmore; Roger John,Fellow,14/05/1998
Casida; John Edward,Foreign Member,14/05/1998
Casimir; Hendrik Brugt Gerhard (1909 - 2000),Foreign Member,23/04/1970
Caspersson; Torbjorn Oskar (1910 - 1997),Foreign Member,20/04/1978
Cassels; James Macdonald (1924 - 1994),Fellow,19/03/1959
Cassels; John William Scott,Fellow,21/03/1963
Casselton; Lorna Ann (1938 - 2014),Fellow,13/05/1999
Cassini de Thury; Cesar Francois (1714 - 1784),Fellow,17/01/1751
Cassini; Jacques (1677 - 1756),Fellow,23/03/1698
Cassini; Jean Dominique (1625 - 1712); Astronomer,Fellow,22/05/1672
Cassini; Jean Dominique (1748 - 1845); Count of Thury,Foreign Member,30/04/1789
Casson; Andrew John,Fellow,14/05/1998
Castel; Louis-Bertrand (1688 - 1757),Fellow,23/04/1730
Castell; Edmund (1606 - 1685),Fellow,16/04/1674
Castle; George (c 1635 - 1673),Fellow,4/02/1669
Castlecomer; John (? 1725 - 1784); 1st Earl Wandesford,Fellow,4/04/1754
Castro-Sarmento; Jacob de (1692 - 1762),Fellow,5/02/1730
Cat; Claude Nicholas Le (1700 - 1768),Fellow,31/01/1740
Catcheside; David Guthrie (1907 - 1994),Fellow,15/03/1951
Cates; Michael Elmhirst,Fellow,17/05/2007
Catesby; Mark (1683 - 1749),Fellow,26/04/1733
Cathcart; Edward Provan (1877 - 1954),Fellow,13/05/1920
Catlow; Charles Richard Arthur,Fellow,27/05/2004
Cattanach; Bruce Macintosh,Fellow,19/03/1987
Catterall; William A,Foreign Member,15/05/2008
Catton; Thomas (1760 - 1838),Fellow,31/05/1821
Caucher; Birkar,Fellow,28/03/2019
Cauchy; Augustin Louis (1789 - 1857),Foreign Member,9/06/1832
Caulfeild; James (1728 - 1799); 1st Earl of Charlemont,Fellow,29/05/1755
Caulfeild; Wade Toby (1732 - 1800),Fellow,2/04/1778
Caullery; Maurice Jules Gaston Corneille (1868 - 1958),Foreign Member,27/05/1948
Caumont; R (- 1784),Fellow,9/05/1754
Cautley; Sir; Proby Thomas (1802 - 1871),Fellow,2/04/1846
Cava; Robert Joseph,Foreign Member,28/04/2016
Cavalier-Smith; Thomas,Fellow,14/05/1998
Cavalli-Sforza; Luigi Luca,Foreign Member,18/06/1992
Cavallo; Tiberius (1749 - 1809); Natural Philosopher,Fellow,9/12/1779
Cave; Sir; Thomas (1737 - 1780),Fellow,9/04/1778
Cavendish; Henry (1731 - 1810); Natural Philosopher,Fellow,1/05/1760
Cavendish; Lord; Charles (c 1704 - 1783),Fellow,8/06/1727
Cavendish; Lord; James (c 1673 - 1751),Fellow,9/04/1719
Cavendish; Spencer Compton (1833 - 1908); 8th Duke of Devonshire,Fellow,3/03/1892
Cavendish; Victor Christian William (1868 - 1938); 9th Duke of Devonshire,Statute 12,26/11/1914
Cavendish; William (1617 - 1684); 3rd Earl of Devonshire,Fellow,20/05/1663
Cavendish; William (1641 - 1707); 1st Duke of Devonshire,Original Fellow,20/05/1663
Cavendish; William (1698 - 1755); 3rd Duke of Devonshire,Fellow,21/01/1748
Cavendish; William (1720 - 1764); 4th Duke of Devonshire,Fellow,12/11/1761
Cavendish; William (1808 - 1891); 7th Duke of Devonshire,Fellow,10/12/1829
Caverhill; John (- 1781),Fellow,9/02/1769
Cawley; Peter,Fellow,20/05/2010
Cayley; Arthur (1821 - 1895); Mathematician,Fellow,3/06/1852
Cecil; Brownlow (1725 - 1793); 9th Earl of Exeter,Fellow,15/01/1767
Cecil; Henry (1754 - 1804); 1st Marquess of Exeter,Fellow,8/05/1800
Cecil; James (1748 - 1823); 1st Marquess of Salisbury,Fellow,13/05/1784
Celesia; Paolo (fl 1757),Fellow,16/06/1757
Celsius; Andreas (1701 - 1744),Fellow,29/01/1736
Cerati; Gasparo (1690 - 1769),Fellow,5/02/1736
Cerf; Vinton Gray,Foreign Member,28/04/2016
Cerundolo; Vincenzo (1959 - 2020),Fellow,09/05/2018
Cervi; Joseph (1663 - 1748),Fellow,9/12/1736
Cesarsky; Catherine Jeanne,Foreign Member,26/05/2005
Chabert; Joseph Bernard (1724 - 1805),Fellow,10/05/1764
Chadwick; James (c 1660 - 1697),Fellow,15/07/1696
Chadwick; Peter,Fellow,17/03/1977
Chadwick; Sir; James (1891 - 1974),Fellow,12/05/1927
Chain; Sir; Ernst Boris (1906 - 1979); Knight Biochemist,Fellow,17/03/1949
Chalfie; Martin,Foreign Member,09/05/2019
Challis; James (1803 - 1882); Astronomer,Fellow,9/06/1848
Chalmers; George (1742 - 1825),Fellow,5/05/1791
Chaloner; Robert (fl 1811),Fellow,4/04/1811
Chaloner; William Gilbert,Fellow,18/03/1976
Chamberlain; Arthur Neville (1869 - 1940),Statute 12,16/06/1938
Chamberlain; Joseph (1836 - 1914),Fellow,14/12/1882
Chamberlayne; Edward (1616 - 1703),Fellow,3/12/1668
Chamberlayne; John (c 1666 - 1723),Fellow,6/05/1702
Chamberlen; Hugh (c 1630 - ? 1720),Fellow,6/04/1681
Chambers; Charles (1834 - 1896),Fellow,3/06/1869
Chambers; Ephraim (c 1680 - 1740),Fellow,6/11/1729
Chambers; Richard Dickinson (1935 - 2019),Fellow,15/05/1997
Chambers; Sir; William (1726 - 1796),Fellow,25/04/1776
Chambers; William Frederick (1786 - 1855),Fellow,13/03/1828
Chamier; Anthony (1725 - 1780),Fellow,28/05/1767
Chance; Britton,Foreign Member,09/04/1981
Chandler; David (1944 - 2017),Foreign Member,19/05/2011
Chandler; George (c 1780 - 1859),Fellow,7/02/1833
Chandler; John (1700 - 1780),Fellow,6/02/1735
Chandler; Samuel (1693 - 1766),Fellow,5/12/1754
Chandrasekhar; Sivaramakrishna (1930 - 2004),Fellow,17/03/1983
Chandrasekhar; Subrahmanyan (1910 - 1995),Fellow,16/03/1944
Chantrey; Sir; Francis Legatt (1781 - 1841),Fellow,30/04/1818
Chapelle; Jean Baptiste de la (? 1710 - 1792),Fellow,18/06/1747
Chapman; Alfred Chaston (1869 - 1932),Fellow,13/05/1920
Chapman; David Leonard (1869 - 1958),Fellow,01/05/1913
Chapman; Dennis (1927 - 1999),Fellow,20/03/1986
Chapman; John James (- 1867),Fellow,28/04/1836
Chapman; Sir; Stephen Remnant (1776 - 1851),Fellow,21/11/1816
Chapman; Sydney (1888 - 1970),Fellow,15/05/1919
Chapman; Thomas (1798 - 1885),Fellow,26/05/1842
Chapman; Thomas Algernon (1842 - 1921),Fellow,02/05/1918
Chappelow; Leonard (c 1744 - 1820),Fellow,15/03/1792
Chaptal; Jean Antoine Claude (1756 - 1832),Foreign Member,9/06/1825
Chardellou; Jean (c 1664 - 1771),Fellow,30/11/1702
Chardin; Sir; John (1643 - 1712),Fellow,30/11/1682
Charles Frederic (1728 - 1811); Margrave of Baden-Dourlach,Royal Fellow,10/12/1747
Charles II (1630 - 1685); King of Great Britain and Ireland,Founder,9/01/1665
Charles Philip Arthur George; Prince of Wales,Royal Fellow,09/02/1978
Charles Theodore (1724 - 1799); Elector Palatine of Bavaria,Fellow,12/08/1784
Charles William Ferdinand (1735 - 1806); Prince of Brunswick,Royal Fellow,19/01/1764
Charlesworth; Brian,Fellow,14/03/1991
Charlesworth; Deborah,Fellow,26/05/2005
Charleton; Rice (1710 - 1789),Fellow,3/11/1748
Charleton; Walter (1620 - 1707),Original Fellow,20/05/1663
Charlton; David,Fellow,01/05/2014
Charlton; Henry Marshall,Fellow,10/03/1994
Charnley; Sir; John (1911 - 1982),Fellow,20/03/1975
Charnock; Henry (1920 - 1997),Fellow,18/03/1976
Chase; Mark Wayne,Fellow,15/05/2003
Chase; Stephen (- 1742),Fellow,30/11/1724
Chasles; Michel (1793 - 1880),Foreign Member,15/06/1854
Chatelier; Henry Louis Le (1850 - 1936),Foreign Member,26/06/1913
Chater; Keith Frederick,Fellow,09/03/1995
Chatt; Joseph (1914 - 1994),Fellow,16/03/1961
Chattaway; Frederick Daniel (1860 - 1944),Fellow,02/05/1907
Chatterjee; Vengalil Krishna Kumar,Fellow,04/05/2017
Chattock; Arthur Prince (1860 - 1934),Fellow,13/05/1920
Chaumette; Lewis Andrew de la (1763 - 1836),Fellow,4/05/1826
Chaumont; Francis Stephen Bennet Francois de (1833 - 1888),Fellow,12/06/1879
Chauncy; Charles (1709 - 1777),Fellow,29/01/1741
Chauveau; Jean Baptiste Auguste (1827 - 1917),Foreign Member,5/12/1889
Cheetham; Anthony Kevin,Fellow,10/03/1994
Chen; Zhu,Foreign Member,02/05/2013
Chenevix; Richard (c 1774 - 1830),Fellow,5/03/1801
Chern; Shiing-Shen (1911 - 2004),Foreign Member,27/06/1985
Chernishev; Peter; Count,Fellow,10/03/1748
Cherry; Sir; Thomas MacFarland (1898 - 1966),Fellow,18/03/1954
Cheselden; William (1688 - 1752),Fellow,30/11/1711
Chesney; Francis Rawdon (1789 - 1872),Fellow,6/02/1834
Chesters; John Hugh (1906 - 1994),Fellow,20/03/1969
Cheston; Richard Brown (fl 1781),Fellow,15/03/1781
Chetwode; Sir; John (1732 - 1779),Fellow,16/05/1776
Chetwynd; Walter (1633 - 1693),Fellow,31/01/1678
Chevalier; John (c 1730 - 1789),Fellow,23/05/1754
Chevalier; Thomas (1767 - 1824),Fellow,18/02/1819
Chevreul; Michel Eugene (1786 - 1889),Foreign Member,23/11/1826
Cheyne; George (1671 - 1743),Fellow,18/03/1702
Cheyne; Sir; William Watson (1852 - 1932),Fellow,7/06/1894
Chibnall; Albert Charles (1894 - 1988),Fellow,06/05/1937
Child; Mark Sheard,Fellow,16/03/1989
Childers; Hugh Culling Eardley (1827 - 1896),Fellow,16/01/1873
Children; John George (1777 - 1852),Fellow,12/03/1807
Chilver; Amos Henry; Baron Chilver of Cranfield,Fellow,18/03/1982
Chisholm; Colin (1755 - 1825),Fellow,24/11/1808
Chisholm; Malcolm Harold (1945 - 2015),Fellow,15/03/1990
Cholmondeley; George (c 1666 - 1733); 2nd Earl of Cholmondeley,Fellow,9/06/1715
Chory; Joanne,Foreign Member,19/05/2011
Chothia; Cyrus (1942 - 2019),Fellow,11/05/2000
Chree; Charles (1860 - 1928),Fellow,3/06/1897
Chretien; Michel,Fellow,14/05/2009
Christian Friedrich Karl Alexander (1736 - 1806); Margrave of Ansbach and Bayreuth,Fellow,10/02/1780
Christian VII (1749 - 1808); King of Denmark,Royal Fellow,1/09/1768
Christian VIII (1786 - 1848); King of Denmark,Royal Fellow,6/06/1822
Christian; John Wyrill (1926 - 2001),Fellow,20/03/1975
Christie; James Robert (1814 - 1879),Fellow,18/03/1847
Christie; Samuel Hunter (1784 - 1865),Fellow,12/01/1826
Christie; Sir; William Henry Mahoney (1845 - 1922),Fellow,2/06/1881
Christophers; Sir; Samuel Rickard (1873 - 1978),Fellow,06/05/1926
Christopherson; Sir; Derman Guy (1915 - 2000),Fellow,24/03/1960
Chu; Steven,Foreign Member,30/04/2014
Chua; Nam-Hai (1944 -),Fellow,17/03/1988
Church; Arthur Harry (1865 - 1937),Fellow,12/05/1921
Church; Sir; Arthur Herbert (1834 - 1915),Fellow,7/06/1888
Churchill; Henry John Spencer (1797 - 1840),Fellow,9/06/1832
Churchill; Sir; Winston (1620 - 1688),Fellow,28/12/1664
Churchill; Sir; Winston Leonard Spencer (1874 - 1965),Fellow,29/05/1941
Chute; Francis (- 1745),Fellow,10/03/1743
Cicerone; Ralph J,Foreign Member,19/04/2012
Cigna; Giovanni Francesco (1734 - 1790),Fellow,22/11/1764
Clack; Jennifer Alice,Fellow,14/05/2009
Clairaut; Alexis Claude (1713 - 1765),Fellow,27/10/1737
Clapham; Arthur Roy (1904 - 1990),Fellow,19/03/1959
Clare; Martin (c1690 [?]- 1751),Fellow,27/03/1735
Clark; Alfred Joseph (1885 - 1941),Fellow,07/05/1931
Clark; Colin Whitcomb,Fellow,15/05/1997
Clark; Graeme Milbourne,Fellow,27/05/2004
Clark; James (- 1819),Fellow,11/04/1799
Clark; Josiah Latimer (1822 - 1898),Fellow,6/06/1889
Clark; Robin Jon Hawes (1935 - 2018),Fellow,15/03/1990
Clark; Sir; Andrew (1826 - 1893),Fellow,4/06/1885
Clark; Sir; James (1788 - 1870),Fellow,9/06/1832
Clark; William (1788 - 1869),Fellow,28/01/1836
Clark; William Tierney (1783 - 1852),Fellow,11/05/1837
Clarke; Alexander Ross (1828 - 1914),Fellow,5/06/1862
Clarke; Bryan Campbell (1932 - 2014),Fellow,18/03/1982
Clarke; Charles Baron (1832 - 1906),Fellow,8/06/1882
Clarke; David William,Fellow,14/05/1998
Clarke; George Sydenham (1848 - 1933); Baron Sydenham of Combe,Fellow,4/06/1896
Clarke; Jacob Augustus Lockhart (1817 - 1880),Fellow,1/06/1854
Clarke; James Stanier (? 1765 - 1834),Fellow,19/04/1792
Clarke; Jane,Fellow,30/04/2015
Clarke; John,Fellow,20/03/1986
Clarke; John Frederick (1927 - 2013),Fellow,19/03/1987
Clarke; Loftus Longueville Tottenham (? 1794 - 1863),Fellow,18/05/1820
Clarke; Malcolm Roy (1930 - 2013),Fellow,19/03/1981
Clarke; Patricia Hannah (1919 - 2010),Fellow,18/03/1976
Clarke; Samuel (- 1767),Fellow,2/05/1728
Clarke; Samuel (- 1778),Fellow,17/04/1735
Clarke; Sir; Charles Mansfield (1782 - 1857),Fellow,9/06/1825
Clarke; Sir; Cyril Astley (1907 - 2000),Fellow,19/03/1970
Clarke; Sir; Thomas (1703 - 1764),Fellow,14/11/1754
Clarke; Timothy (- 1672),Original Fellow,22/04/1663
Clarke; William Branwhite (1798 - 1878); Geologist,Fellow,1/06/1876
Clarke; William Stanley (- ? 1844),Fellow,7/06/1821
Clarricoats; Peter John Bell (1932 - 2020),Fellow,15/03/1990
Clary; David Charles,Fellow,15/05/1997
Claudet; Antoine Jean Francois (1797 - 1867),Fellow,2/06/1853
Clausius; Rudolph Julius Emmanuel (1822 - 1888),Foreign Member,26/03/1868
Clavell; Walter (fl 1704 - 1740),Fellow,30/11/1704
Clavering; Douglas Charles (fl 1824),Fellow,13/05/1824
Clayton; John (1657 - 1725),Fellow,30/11/1688
Clayton; Nicola,Fellow,20/05/2010
Clayton; Robert (1695 - 1758),Fellow,12/01/1744
Clayton; Robert Norman,Fellow,19/03/1981
Clayton; Sir; John (- c 1710),Original Fellow,20/05/1663
Clayton; Sir; Richard (c 1745 - 1828),Fellow,20/03/1806
Cleaveland; Sarah,Fellow,28/04/2016
Clegg; John Brian,Fellow,13/05/1999
Cleland; John (1835 - 1925),Fellow,6/06/1872
Clemo; George Roger (1889 - 1983),Fellow,06/05/1937
Clenche; Andrew (- 1692),Fellow,1/04/1680
Clendinning; John (fl 1841),Fellow,18/02/1841
Clephane; John (- 1758),Fellow,8/01/1747
Clerk; Henry (1821 - 1913),Fellow,9/06/1848
Clerk; Sir; Dugald (1854 - 1932); mechanical engineer,Fellow,07/05/1908
Clerk; Sir; George (1787 - 1867),Fellow,27/05/1819
Clerk; Sir; John (1676 - 1755),Fellow,16/10/1729
Clerke; Henry (c 1622 - 1687),Fellow,24/10/1667
Clerke; Sir; Thomas Henry Shadwell (1792 - 1849),Fellow,18/04/1833
Clevers; Johannes Carolus,Foreign Member,28/03/2019
Clifford; Robert (1767 - 1817),Fellow,1/06/1797
Clifford; William Kingdon (1845 - 1879),Fellow,4/06/1874
Clift; William (1775 - 1849),Fellow,8/05/1823
Clifton; Francis (- 1736),Fellow,22/06/1727
Clifton; Marshall Waller (1787 -),Fellow,5/06/1828
Clifton; Robert Bellamy (1836 - 1921),Fellow,4/06/1868
Clifton; Sir; Clifford (1626 - 1670),Fellow,28/03/1667
Cline; Henry (1750 - 1827),Fellow,15/01/1807
Clinton; Henry Fiennes Pelham (1720 - 1794); 2nd Duke of Newcastle-under-Lyme,Fellow,22/10/1747
Clive; Robert (1725 - 1774); Baron Clive of Plassey,Fellow,24/11/1768
Cloizeaux; Alfred Louis Olivier Des (1817 - 1897),Foreign Member,8/04/1875
Cloke; Frederick Geoffrey Nethersole,Fellow,17/05/2007
Clotworthy; John (- 1665); 1st Viscount Massareene,Fellow,20/05/1663
Clutterbuck; Sir; Thomas (c 1627 - 1683),Fellow,30/11/1676
Clutton-Brock; Timothy Hugh,Fellow,11/03/1993
Cluverus; Dethlevus (c 1645 - 1708),Fellow,30/11/1678
Coales; John Flavell (1907 - 1999),Fellow,19/03/1970
Coates; John Henry,Fellow,21/03/1985
Cobbold; Thomas Spencer (1828 - 1886),Fellow,2/06/1864
Cocchi; Antonio (1695 - 1758),Fellow,5/02/1736
Cochran; William (1922 - 2003),Fellow,15/03/1962
Cock; George (- 1679),Fellow,21/03/1666
Cockayne; David John Hugh,Fellow,13/05/1999
Cockayne; Leonard (1855 - 1934),Fellow,02/05/1912
Cockburn; Sir; George (1772 - 1853),Fellow,21/12/1820
Cockburn; William (1669 - 1739),Fellow,30/11/1696
Cockcroft; Sir; John Douglas (1897 - 1967); Knight Physicist,Fellow,07/05/1936
Cockerell; Sir; Christopher Sydney (1910 - 1999),Fellow,16/03/1967
Cocking; Edward Charles Daniel (1931 -),Fellow,17/03/1983
Cockle; Sir; James (1819 - 1895),Fellow,1/06/1865
Cocks; Clifford Christopher,Fellow,30/04/2015
Cocks; James (1774 -),Fellow,9/03/1815
Cocks; Reginald (1777 - 1805),Fellow,23/05/1799
Cockshutt; James (c 1742 - 1819),Fellow,6/12/1804
Coddington; Henry (- 1845),Fellow,12/02/1829
Codrington; Sir; Edward (1770 - 1851),Fellow,21/11/1822
Coen; Enrico Sandro,Fellow,14/05/1998
Coey; John Michael David,Fellow,15/05/2003
Cogdell; Richard John,Fellow,17/05/2007
Cohen; Ernst Julius (1869 - 1944),Foreign Member,29/04/1926
Cohen; Julius Berend (1859 - 1935),Fellow,04/05/1911
Cohen; Sir; Philip,Fellow,15/03/1984
Cohen; Stephen Michael,Fellow,15/05/2008
Cohen; Sydney (1921 - 2017),Fellow,16/03/1978
Cohn; Ferdinand Julius (1828 - 1898),Foreign Member,4/03/1897
Cohn; Paul Moritz,Fellow,20/03/1980
Coke; Thomas (c 1695 - 1759); 1st Earl of Leicester and Viscount Coke,Fellow,27/03/1735
Coker; Ernest George (1869 - 1946),Fellow,11/05/1916
Colby; Thomas Frederick (1784 - 1852),Fellow,13/04/1820
Cole; Francis Joseph (1872 - 1959),Fellow,06/05/1926
Cole; Grenville Arthur James (1859 - 1924),Fellow,03/05/1917
Cole; Kenneth Stewart (1900 - 1984),Foreign Member,27/04/1972
Cole; Stewart Thomas,Fellow,17/05/2007
Cole; William Willoughby (1807 - 1886); 3rd Earl of Enniskillen,Fellow,15/01/1829
Colebrook; Leonard (1883 - 1967),Fellow,22/03/1945
Colebrooke; Henry Thomas (1765 - 1837),Fellow,22/02/1816
Colebrooke; Josiah (- 1775),Fellow,13/03/1755
Colebrooke; Sir; James Edward (1761 - 1838),Fellow,20/12/1821
Coleman; Arthur Philemon (1852 - 1939),Fellow,05/05/1910
Coleman; Edward (1766 - 1839),Fellow,9/06/1831
Colenso; William (c 1811 - 1899),Fellow,4/06/1886
Colepeper; Thomas (1637 - 1708),Fellow,28/05/1668
Coleridge; John Duke (1820 - 1894); 1st Baron Coleridge,Fellow,3/05/1877
Coles; Bryan Randell (1926 - 1997),Fellow,14/03/1991
Collar; Arthur Roderick (1908 - 1986),Fellow,18/03/1965
Collet; Philibert (1643 - 1718),Fellow,30/11/1711
Colleton; Sir; Peter (1635 - 1694),Fellow,13/12/1677
Collie; John Norman (1859 - 1942),Fellow,4/06/1896
Collier; Charles (c 1784-1870),Fellow,18/02/1830
Collier; James Digby Yarlet,Fellow,28/04/2016
Collier; John Gordon (1935 - 1995),Fellow,15/03/1990
Collignon; Charles (1725 - 1785),Fellow,3/05/1770
Collinge; John,Fellow,26/05/2005
Collingridge; Graham Leon,Fellow,10/05/2001
Collingwood; George Lewis Newnham (c 1782 - 1837),Fellow,9/12/1819
Collingwood; Sir; Edward Foyle (1900 - 1970),Fellow,18/03/1965
Collins; John (1625 - 1683); Mathematician,Fellow,17/10/1667
Collins; Rory Edwards,Fellow,30/04/2015
Collinson; Peter (1694 - 1768),Fellow,5/12/1728
Collip; James Bertram (1892 - 1965),Fellow,11/05/1933
Colman; Peter,Fellow,01/05/2014