Colquhoun; David,Fellow,21/03/1985
Colquhoun; James Nisbet (1791 - 1853),Fellow,14/01/1830
Colson; John (1680 - 1760),Fellow,11/06/1713
Colvile; Sir; James William (1810 - 1880),Fellow,29/04/1875
Colwall; Daniel (- 1690),Original Fellow,20/05/1663
Colwall; John (fl 1664 - 1679),Fellow,14/05/1668
Combe; Charles (1743 - 1817),Fellow,11/01/1776
Combe; Taylor (1774 - 1826),Fellow,5/03/1807
Comber; Peter George Le (1941 - 1992),Fellow,12/03/1992
Common; Andrew Ainslie (1841 - 1903),Fellow,4/06/1885
Compston; Alastair David Standish,Fellow,28/04/2016
Compston; William,Fellow,19/03/1987
Compton; James (1622 - 1681); 3rd Earl of Northampton,Original Fellow,20/05/1663
Compton; Spencer Joshua Alwyne (1790 - 1851); 2nd Marquess of Northampton,Fellow,27/05/1830
Comrie; Leslie John (1893 - 1950),Fellow,16/03/1950
Comyn; James (- 1778),Fellow,24/04/1760
Conant; James Bryant (1893 - 1978),Foreign Member,29/03/1941
Condamine; Charles Maria de La (1701 - 1774),Fellow,15/12/1748
Conduitt; John (1688 - 1737),Fellow,1/12/1718
Congreve; Sir; William (1772 - 1828),Fellow,28/03/1811
Connell; Arthur (1794 - 1863),Fellow,7/06/1855
Connor; Bernard (c 1666 - 1698),Fellow,27/11/1695
Connor; John William,Fellow,20/05/2010
Conolly; Arthur (1807 - 1842),Fellow,21/02/1839
Conolly; Valentine (- 1819),Fellow,15/03/1804
Conroy; Sir; John (1845 - 1900),Fellow,4/06/1891
Constable; William (1721 - 1791),Fellow,4/05/1775
Constant; Hayne (1904 - 1968),Fellow,18/03/1948
Conti; Antonio Schinella (1677 - 1749),Fellow,10/11/1715
Conway Morris; Simon,Fellow,15/03/1990
Conway; Arthur William (1875 - 1950),Fellow,06/05/1915
Conway; Edward (c 1623 - 1683); 1st Earl of Conway,Fellow,2/01/1668
Conway; Edward Joseph (1894 - 1968),Fellow,20/03/1947
Conway; John Horton,Fellow,19/03/1981
Conway; Sir; Gordon Richard,Fellow,27/05/2004
Conybeare; William Daniel (1787 - 1857),Fellow,9/12/1819
Cook; Arthur Herbert (1911 - 1988),Fellow,15/03/1951
Cook; Gilbert (1885 - 1951),Fellow,14/03/1940
Cook; James (1728 - 1779),Fellow,29/02/1776
Cook; Sir; Alan Hugh (1922 - 2004),Fellow,20/03/1969
Cook; Sir; James Wilfred (1900 - 1975); Knight Chemist,Fellow,17/03/1938
Cook; Sir; William Richard Joseph (1905 - 1987),Fellow,15/03/1962
Cook; Stanley Smith (1875 - 1952),Fellow,10/05/1928
Cook; Stephen Arthur,Fellow,14/05/1998
Cook; Thomas (- 1858),Fellow,4/06/1840
Cooke; Benjamin (-1774),Fellow,11/03/1736
Cooke; Edward William (1811 - 1880),Fellow,04/06/1863
Cooke; George William (1916 - 1992),Fellow,20/03/1969
Cooke; John (1756 - 1838),Fellow,06/12/1821
Cooksey; John (- 1777),Fellow,4/04/1754
Cookson; Richard Clive,Fellow,21/03/1968
Coombs; Robert Royston Amos (1921 - 2006),Fellow,18/03/1965
Cooper; Andrew Ian,Fellow,30/04/2015
Cooper; Anthony (1711 - 1771); 4th Earl of Shaftesbury,Fellow,28/03/1754
Cooper; Anthony Ashley (1621 - 1683); 1st Earl of Shaftesbury,Fellow,5/08/1663
Cooper; Anthony Ashley (1761 - 1811); 5th Earl of Shaftesbury,Fellow,3/02/1785
Cooper; Bransby Blake (1792 - 1853),Fellow,18/06/1829
Cooper; Charles Purton (1793 - 1873),Fellow,06/12/1832
Cooper; Edward Joshua (1798 - 1863),Fellow,2/06/1853
Cooper; John Hutton (1765 - 1828),Fellow,20/05/1819
Cooper; John Philip,Fellow,17/03/1977
Cooper; Leslie Hugh Norman (1905 - 1985),Fellow,19/03/1964
Cooper; Max Dale,Foreign Member,04/05/2017
Cooper; Samuel (1780 - 1848),Fellow,5/02/1846
Cooper; Sir; Astley Paston (1768 - 1841),Fellow,18/02/1802
Cooper; William (- 1786),Fellow,25/04/1776
Cope; Sir; John Mordaunt (1731 - 1779),Fellow,20/06/1765
Copeland; Thomas (1781 - 1855),Fellow,6/02/1834
Copeman; Sydney Arthur Monckton (1862 - 1947),Fellow,11/06/1903
Copland; James (1791 - 1870),Fellow,5/12/1833
Copley; John Singleton (1772 - 1863); Baron Lyndhurst,Fellow,13/04/1826
Copley; Sir; Godfrey (? 1653 - 1709),Fellow,30/11/1691
Copp; Douglas Harold (1915 - 1998),Fellow,18/03/1971
Copping; John (- 1743),Fellow,13/11/1740
Copplestone; John (1623 - 1689),Fellow,9/05/1666
Corbaux; Francis (c 1769 - 1843),Fellow,10/04/1834
Corbet; Sir; Richard (1640 - 1683),Fellow,3/05/1665
Corey; Elias James,Foreign Member,14/05/1998
Cori; Carl Ferdinand (1896 - 1984),Foreign Member,27/04/1950
Corkum; Paul Bruce,Fellow,26/05/2005
Corma Canos; Avelino,Foreign Member,19/04/2012
Cornaro; Francesco (1670 - 1734),Fellow,30/11/1708
Corner; Edred John Henry (1906 - 1996),Fellow,17/03/1955
Corner; George Washington (1889 - 1981),Fellow,28/04/1955
Cornforth; Sir; John Warcup (1917 - 2013); Knight Chemist,Fellow,19/03/1953
Cornish; Sir; Samuel (- 1770),Fellow,9/03/1749
Cornu; Alfred Marie (1841 - 1902),Foreign Member,18/12/1884
Corrie; John (c 1769 - 1839),Fellow,17/02/1820
Corrigan; Francis Edward,Fellow,09/03/1995
Corry; Isaac (1755 - 1813),Fellow,21/02/1811
Cory; Suzanne (1942 -),Fellow,12/03/1992
Cossart; Pascale,Foreign Member,20/05/2010
Cosslett; Vernon Ellis (1908 - 1990),Fellow,16/03/1972
Costa; Emanuel Mendes da (1717 - 1791),Fellow,26/11/1747
Costa; Moses da (- 1770),Fellow,10/02/1737
Coste; Pierre (1668 - 1747),Fellow,25/11/1742
Costello; Kevin Joseph,Fellow,09/05/2018
Cotes; Roger (1682 - 1716),Fellow,30/11/1711
Cotesworth; Caleb (- 1741),Fellow,3/07/1718
Cotterill; James Henry (1836 - 1922),Fellow,6/06/1878
Cotton; Edward (c 1616 - 1675),Original Fellow,20/05/1663
Cotton; Frank Albert (1930 - 2007),Foreign Member,09/06/1994
Cotton; Joseph (1746 - 1825),Fellow,15/03/1810
Cotton; Robert Salusbury (c.1739-1809),Fellow,24/11/1774
Cotton; William (1786 - 1866),Fellow,24/05/1821
Cottrell; Sir; Alan Howard,Fellow,17/03/1955
Coulson; Charles Alfred (1910 - 1974),Fellow,16/03/1950
Coupland; George,Fellow,17/05/2007
Cour; Leonard Francis La (1907 - 1984),Fellow,19/03/1970
Courrier; Marie Jules Constant Robert (1895 - 1986),Foreign Member,23/04/1953
Courthope; Peter (fl 1655 - 1685),Fellow,6/08/1668
Couteur; Sir; John Le (1794 - 1875),Fellow,11/05/1843
Cowan; William Maxwell (1931 - 2002),Fellow,18/03/1982
"Cowburn; Russell, Paul",Fellow,20/05/2010
Cowell; Philip Herbert (1870 - 1949),Fellow,03/05/1906
Cowey; Alan (1935 - 2012),Fellow,17/03/1988
Cowie; Lennox,Fellow,27/05/2004
Cowley; Alan Herbert,Fellow,17/03/1988
Cowley; John Lodge (c 1729 - 1797),Fellow,14/04/1768
Cowley; John Maxwell (1923 - 2004),Fellow,15/03/1979
Cowley; Roger Arthur (1939 - 2015),Fellow,16/03/1978
Cowley; Sir; Steven Charles,Fellow,01/05/2014
Cowley; Stanley William Herbert,Fellow,19/05/2011
Cowling; Thomas George (1906 - 1990),Fellow,20/03/1947
Cowman; Alan Frederick,Fellow,19/05/2011
Cowper; George Nassau Clavering (1738 - 1789); 3rd Earl Cowper,Fellow,13/02/1777
Cowper; Peter Leopold Louis Francis Nassau Clavering (1778 - 1837); 5th Earl Cowper,Fellow,11/05/1809
Cowper; William (c 1665 - 1723); 1st Earl Cowper,Fellow,3/04/1706
Cowper; William (c 1666 - 1709),Fellow,11/01/1699
Cowper; William Clavering (1709 - 1764); 2nd Earl Cowper,Fellow,11/05/1732
Cox; Brian,Fellow,08/07/1905
Cox; Keith Gordon (1933 - 1998),Fellow,17/03/1988
Cox; Leslie Reginald (1897 - 1965),Fellow,16/03/1950
Cox; Sir; David Roxbee,Fellow,15/03/1973
Cox; Sir; Ernest Gordon (1906 - 1996),Fellow,18/03/1954
Cox; William Sands (1802 - 1875),Fellow,5/05/1836
Coxe; Daniel (1640 - 1730),Fellow,22/03/1665
Coxe; Thomas (c 1615 - 1685),Original Fellow,20/05/1663
Coxe; Thomas (c 1640 -),Fellow,4/11/1663
Coxe; William (1747 - 1828),Fellow,14/02/1782
Coxeter; Harold Scott MacDonald (1907 - 2003),Fellow,16/03/1950
Coyer; Francois Gabriel (1707 - 1782),Fellow,20/03/1766
Crabtree; Robert H,Fellow,09/05/2018
Cracherode; Clayton Mordaunt (1730 - 1799),Fellow,15/12/1785
Craig; David Parker (1919 - 2015),Fellow,21/03/1968
Craig; John (- 1731),Fellow,30/11/1711
Craigie; James (1899 - 1978),Fellow,20/03/1947
Craigie; John Hubert (1887 - 1989),Fellow,20/03/1952
Craik; Fergus Ian Muirden,Fellow,15/05/2008
Cramer; Gabriel (1704 - 1752),Fellow,9/02/1749
Crampton; Sir; Philip (1777 - 1858),Fellow,16/04/1812
Crane; Morley Benjamin (1890 - 1983),Fellow,20/03/1947
Crane; Sir; Peter Robert,Fellow,14/05/1998
Crathorne; Henry (- 1797),Fellow,23/04/1795
Craufurd; Patrick George (- 1804),Fellow,9/06/1774
Crawford; Adair (1748 - 1795),Fellow,11/05/1786
Crawford; Andrew Charles,Fellow,15/03/1990
Crawford; Lionel Vivian,Fellow,17/03/1988
Crawford-Lindsay; John (1596 - 1678); 17th Earl of Crawford,Original Fellow,20/05/1663
Crawfurd; John (1783 - 1868),Fellow,7/05/1818
Crawley; Michael John,Fellow,13/05/2002
Cray; Jeremiah (- 1731),Fellow,22/10/1730
Creak; Ettrick William (1835 - 1920),Fellow,4/06/1885
Creed; James (- 1762),Fellow,10/02/1743
Creed; John (- 1701),Fellow,16/12/1663
Crell; Lorenz Florenz Friedrich von (? 1744 - 1816),Fellow,3/04/1788
Cremona; Luigi (1830 - 1903),Foreign Member,3/04/1879
Cressener; Henry (1682 - 1710),Fellow,4/05/1709
Cresswell; Daniell (1776 - 1844),Fellow,20/11/1823
Cresswell; Peter,Fellow,11/05/2000
Creuze; Augustin Francis Bullock (1800 - 1852),Fellow,22/12/1842
Crew; Francis Albert Eley (1886 - 1973),Fellow,16/03/1939
Crewe; Hungerford (1812 - 1894); 3rd Baron Crewe,Fellow,17/06/1841
Crichton; Sir; Alexander (1763 - 1856),Fellow,8/05/1800
Crichton-Browne; Sir; James (1840 - 1938),Fellow,7/06/1883
Crichton-Stuart; John (1793 - 1848); 2nd Marquess of Bute,Fellow,8/01/1818
Crick; Francis Harry Compton (1916 - 2004),Fellow,19/03/1959
Crighton; David George (1942 - 2000),Fellow,11/03/1993
Cripps; Sir; Richard Stafford (1889 - 1952),Fellow,27/05/1948
Crisp; Dennis John (1916 - 1990),Fellow,21/03/1968
Crisp; John (fl 1788),Fellow,17/01/1788
Crisp; Sir; Thomas (- 1715),Fellow,23/05/1666
Crivelli; Giovanni (1690 - 1743),Fellow,24/01/1734
Croft; Sir; John (1778 - 1862),Fellow,5/03/1818
Crofton; Morgan William (1826 - 1915),Fellow,4/06/1868
Crofts; Thomas (- 1781),Fellow,13/06/1776
Croke; Sir; George (- 1680),Fellow,8/02/1677
Croker; John Wilson (1780 - 1857),Fellow,5/07/1810
Croll; James (1821 - 1890),Fellow,1/06/1876
Crombie; Alexander (1762 - 1840),Fellow,5/02/1829
Crombie; Leslie (1923 - 1999),Fellow,15/03/1973
Crompton; Rookes Evelyn Bell (1845 - 1940); Engineer,Fellow,11/05/1933
Cronhelm; Andreas Henry de (fl 1725 - 1753),Fellow,15/04/1725
Cronin; James Watson (1931 - 2016),Foreign Member,17/05/2007
Crookes; Sir; William (1832 - 1919); Knight Chemist,Fellow,4/06/1863
Croone; William (1633 - 1684),Original Fellow,20/05/1663
Crosbie; John (1752 - 1815); 2nd Earl of Glandore,Fellow,24/02/1803
Cross; Charles Frederick (1855 - 1935),Fellow,03/05/1917
Cross; George Alan Martin,Fellow,15/03/1984
Cross; Richard Assheton (1823 - 1914); 1st Viscount Cross,Fellow,3/04/1879
Cross; Sir; Barry Albert (1925 - 1994),Fellow,20/03/1975
Crosse; John Green (1790 - 1850),Fellow,18/02/1836
Crossland; Sir; Bernard,Fellow,15/03/1979
Crossley; Arthur William (1869 - 1927),Fellow,02/05/1907
Crow; James Franklin (1916 - 2012),Foreign Member,10/05/2001
Crowcroft; Jon,Fellow,02/05/2013
Crowther; Richard Anthony,Fellow,11/03/1993
Croxall; John Patrick,Fellow,26/05/2005
Crozier; Francis Rawdon Moira (c 1796 - c 1848),Fellow,7/12/1843
Cruickshank; Durward William John (1927 - 2007),Fellow,15/03/1979
Cruickshank; William (- ? 1811),Fellow,24/06/1802
Cruikshank; William Cumberland (1745 - 1800),Fellow,1/06/1797
Crull; Jodocus (- ? 1713),Fellow,23/11/1681
Crum; Walter (1796 - 1867),Fellow,29/02/1844
Crumpton; Michael Joseph,Fellow,15/03/1979
Cruquius; Nicolaus (1678 - 1754),Fellow,12/03/1724
Crusius; Lewis (1701 - 1775),Fellow,7/03/1754
Crutzen; Paul Josef,Foreign Member,18/05/2006
Cruwys; Samuel (- 1747),Fellow,1/12/1718
Cubitt; Sir; William (1785 - 1861),Fellow,01/04/1830
Cudworth; Ralph (1617 - 1688),Fellow,17/03/1662
Culhane; John Leonard Celistus,Fellow,21/03/1985
Cull-Candy; Stuart Graham,Fellow,13/05/2002
Cullen; Alexander Lamb (1920 - 2013),Fellow,17/03/1977
Cullen; William (1710 - 1790),Fellow,8/05/1777
Cullis; Anthony George,Fellow,27/05/2004
Cullum; Sir; John (1733 - 1785),Fellow,2/03/1775
Cullum; Sir; Thomas Gery (1741 - 1831),Fellow,19/04/1787
Cuming; Sir; Alexander (c 1690 - 1775),Fellow,30/06/1720
Cumming; James (1777 - 1861),Fellow,11/01/1816
Cumming-Bruce; Thomas John Hovell-Thurlow (1838 - 1916); 5th Baron Thurlow,Fellow,10/06/1886
Cunha; Antonio Alvares da (1626 - 1690),Fellow,9/04/1668
Cunningham; Daniel John (1850 - 1909),Fellow,4/06/1891
Cunningham; David Douglas (1843 - 1914),Fellow,6/06/1889
Cunningham; Gordon Herriot (1892 - 1962),Fellow,16/03/1950
Cunningham; James (c 1667 - 1709),Fellow,20/12/1699
Cureton; William (1808 - 1864),Fellow,25/01/1838
Curling; Thomas Blizard (1811 - 1888),Fellow,6/06/1850
Curran; Sir; Samuel Crowe (1912 - 1998),Fellow,19/03/1953
Curran; Tom,Fellow,26/05/2005
Currey; Frederick (1819 - 1881),Fellow,3/06/1858
Currey; George Gilbert (- 1822),Fellow,28/01/1819
Currie; James (1756 - 1805),Fellow,20/12/1792
Cursetjee; Ardaseer (1808 - 1877),Fellow,27/05/1841
Curtis; David Roderick (1927 - 2017),Fellow,21/03/1974
Curtis; William Edward (1889 - 1969),Fellow,03/05/1934
Curtius; Sir; William (? 1599 - 1678),Fellow,3/10/1667
Curzon; George Nathaniel (1859 - 1925); 1st Marquess Curzon of Kedleston,Fellow,15/12/1898
Cushing; David Henry,Fellow,17/03/1977
Cushing; Harvey Williams (1869 - 1939),Foreign Member,25/05/1933
Cushny; Arthur Robertson (1866 - 1926),Fellow,02/05/1907
Cust; John (1779 - 1853); 1st Earl Brownlow,Fellow,2/05/1805
Cust; Sir; Edward (1794 - 1878),Fellow,6/02/1834
Cuthbert; Alan William,Fellow,18/03/1982
Cuthbert; John (- 1782),Fellow,13/06/1765
Cuthbertson; Clive (1863 - 1943),Fellow,07/05/1914
Cutler; Elizabeth Anne,Fellow,30/04/2015
Cutler; Sir; John (c 1608 - 1693),Fellow,9/11/1664
Cuvier; Frederic (1773 - 1838),Foreign Member,4/06/1835
Cuvier; Georges (1769 - 1832),Foreign Member,17/04/1806
Cuzick; Jack Martin,Fellow,28/04/2016
Cyprianus; Abraham (c 1660 - 1718),Fellow,30/11/1700
Cyrillo; Nicola (1671 - 1735),Fellow,9/03/1727
Czernichew; Peter (1712 - 1773),Fellow,10/03/1748
Dacie; John Vivian (1912 - 2005),Fellow,16/03/1967
Dagge; Henry (c 1715 -),Fellow,11/03/1779
Dainton; Frederick Sydney (1914 - 1997); Baron Dainton of Hallam Moors,Fellow,21/03/1957
Dainton; John Bourke,Fellow,13/05/2002
Dakin; Henry Drysdale (1880 - 1952),Fellow,03/05/1917
Dalby; William Ernest (1862 - 1936),Fellow,01/05/1913
Dale; Sir; Henry Hallett (1875 - 1968); Knight Physician,Fellow,07/05/1914
Dalgarno; Alexander,Fellow,16/03/1972
Dalitz; Richard Henry (1925 - 2006),Fellow,24/03/1960
Dallinger; William Henry (1842 - 1909),Fellow,3/06/1880
Dalrymple (fl 1719),Fellow,12/03/1719
Dalrymple; Alexander (1737 - 1808),Fellow,14/02/1771
Dalrymple; John (- 1798),Fellow,26/05/1796
Dalrymple; John (1803 - 1852),Fellow,7/06/1849
Dalrymple-Hay; Sir; John Charles (1821 - 1912),Fellow,2/06/1864
Dalton; Henry (fl 1816),Fellow,20/06/1816
Dalton; John (1766 - 1844),Fellow,7/03/1822
Dalton; Sir; Howard,Fellow,11/03/1993
Dalziel; Keith (1921 - 1994),Fellow,20/03/1975
Damoiseau; Marie Charles Theodore (1768 - 1846); Baron de,Foreign Member,9/06/1832
Dana; James Dwight (1813 - 1895),Foreign Member,18/12/1884
Danckwerts; Peter Victor (1916 - 1984),Fellow,20/03/1969
Daniell; Edmund Robert (- 1854),Fellow,5/06/1828
Daniell; John Frederic (1790 - 1845); Physicist,Fellow,5/05/1814
Danielli; James Frederic (1911 - 1984),Fellow,21/03/1957
Daniels; Henry Ellis (1912 - 2000); Mathematician,Fellow,20/03/1980
Danvers; Sir; Joseph (c 1697 - 1753),Fellow,30/11/1724
Darboux; Jean Gaston (1842 - 1917),Foreign Member,27/11/1902
Darby; Sarah,Fellow,28/03/2019
Darcy; James (c 1707 - 1733); 2nd Baron Darcy of Navan,Fellow,5/06/1729
Dargent; James (c 1724 -),Fellow,17/03/1768
Darker; John (c 1722 - 1784),Fellow,5/05/1768
Darlington; Cyril Dean (1903 - 1981),Fellow,20/03/1941
Darnell; James Edwin,Foreign Member,14/03/1996
Darwin; Charles Robert (1809 - 1882); Naturalist,Fellow,24/01/1839
"Darwin; Erasmus (1731 - 1802); Physician, Botanist and Poet",Fellow,9/04/1761
Darwin; Robert Waring (1766 - 1848),Fellow,21/02/1788
Darwin; Sir; Charles Galton (1887 - 1962),Fellow,11/05/1922
Darwin; Sir; Francis (1848 - 1925),Fellow,8/06/1882
Darwin; Sir; George Howard (1845 - 1912),Fellow,12/06/1879
Darwin; Sir; Horace (1851 - 1928),Fellow,11/06/1903
Darzi; Ara; Lord Darzi Of Denham,Fellow,02/05/2013
Dasgupta; Sir; Partha Sarathi,Fellow,27/05/2004
Dashkov; Pavel Michailovich (1763 - 1807),Fellow,08/02/1780 or 1781
Dashwood; Francis (1708 - 1781); 15th Baron Le Despencer,Fellow,19/06/1746
Datta; Naomi (1922 - 2008),Fellow,21/03/1985
Daubenton; Louis Jean Marie (1716 - 1800),Fellow,9/01/1755
Daubeny; Charles Giles Bridle (1795 - 1867); Chemist and Botanist,Fellow,19/12/1822
Daubree; Gabriel Auguste (1814 - 1896),Foreign Member,12/05/1881
Davall; Peter (- 1763),Fellow,23/10/1740
Davenport; Edward Davies (c 1779 - 1847),Fellow,30/05/1839
Davenport; Harold (1907 - 1969),Fellow,14/03/1940
Davey Smith; George,Fellow,28/03/2019
Davey; Horace (1833 - 1907); Baron Davey,Fellow,24/01/1895
David; Sir; Tannatt William Edgeworth (1858 - 1934); Geologist and Polar Explorer,Fellow,14/06/1900
David; William Ian Fraser,Fellow,28/04/2016
Davidson; Charles Rundle (1875 - 1970),Fellow,07/05/1931
Davidson; James Norman (1911 - 1972),Fellow,24/03/1960
Davidson; John (1797 - 1836),Fellow,4/06/1835
Davidson; John Frank (1926 - 2019),Fellow,21/03/1974
Davidson; Thomas (1817 - 1885),Fellow,11/06/1857
Daviel; Jacques (1696 - 1762),Fellow,18/03/1756
Davies; Alun Milward,Fellow,19/05/2011
Davies; Alwyn George,Fellow,16/03/1989
Davies; Donald Watts (1924 - 2000),Fellow,19/03/1987
Davies; Edward Brian (1944 -),Fellow,09/03/1995
Davies; Gideon John,Fellow,20/05/2010
Davies; Griffith (1788 - 1855),Fellow,16/06/1831
Davies; Jonathan (1736 - 1809),Fellow,2/04/1789
Davies; Julian Edmund,Fellow,10/03/1994
Davies; Kay Elizabeth,Fellow,15/05/2003
Davies; Nicholas Barry,Fellow,10/03/1994
Davies; Richard (c 1708 - 1761),Fellow,8/06/1738
Davies; Robert Ernest (1919 - 1993),Fellow,17/03/1966
Davies; Rodney Deane,Fellow,12/03/1992
Davies; Sally; Dame,Fellow,01/05/2014
Davies; Sir; David Evan Naunton,Fellow,15/03/1984
Davies; Thomas (1737 - 1812),Fellow,8/03/1781
Davies; Thomas Stephens (1795 - 1851),Fellow,18/04/1833
Davila; Pedro Franco (- 1785),Fellow,6/06/1776
Davis; Benjamin Guy,Fellow,30/04/2015
Davis; Hart (- 1854),Fellow,20/05/1841
Davis; Joseph Barnard (1801 - 1881),Fellow,4/06/1868
Davis; Mark Morris,Foreign Member,28/04/2016
Davis; Richard Hart (c 1767 - 1842),Fellow,23/04/1812
Davis; Roger John,Fellow,13/05/2002
Davis; Samuel (1760 - 1819),Fellow,28/06/1792
Davis; Sir; John Francis (1795 - 1890),Fellow,28/03/1822
Davison; Alan (1936 - 2015),Fellow,11/05/2000
Davy; Edmund (1785 - 1857); Chemist,Fellow,30/12/1904
Davy; John (1790 - 1868); Surgeon,Fellow,17/02/1814
Davy; Martin (1763 - 1839); Physician,Fellow,23/04/1801
Davy; Sir; Humphry (1778 - 1829); 1st Baronet Physicist,Fellow,17/11/1803
Dawes; Geoffrey Sharman (1918 - 1996),Fellow,18/03/1971
Dawes; William Rutter (1799 - 1868); Astronomer,Fellow,1/06/1865
Dawid; Alexander Philip,Fellow,09/05/2018
Dawkins; Henry (c 1728 - 1814),Fellow,5/11/1778
Dawkins; James (1722 - 1757),Fellow,23/01/1755
Dawkins; James (1760 -),Fellow,9/03/1815
Dawkins; Marian,Fellow,01/05/2014
Dawkins; Richard Clinton,Fellow,10/05/2001
Dawkins; Sir; William Boyd (1837 - 1929),Fellow,6/06/1867
Dawnay; Henry Pleydell (1727 - 1760); 3rd Viscount Downe,Fellow,6/12/1750
Dawson; Donald Andrew,Fellow,20/05/2010
Dawson; George Mercer (1849 - 1901),Fellow,4/06/1891
Dawson; Harry Medforth (1875 - 1939),Fellow,11/05/1933
Dawson; Rex Malcolm Chaplin,Fellow,19/03/1981
Dawson; Sir; John William (1820 - 1899),Fellow,5/06/1862
Day; George Edward (1815 - 1872),Fellow,6/06/1850
Day; John (c 1738 - 1808),Fellow,6/06/1793
Day; Nicholas Edward,Fellow,27/05/2004
Day; Peter,Fellow,20/03/1986
Day; Thomas (c 1656 - c 1696),Fellow,30/11/1691
Dayan; Peter,Fellow,09/05/2018
Dayrolles; Solomon (- 1786),Fellow,16/06/1743
Deacon; Sir; George Edward Raven (1906 - 1984),Fellow,16/03/1944
Dealtry; William (1775 - 1847),Fellow,28/02/1811
Dean; Caroline,Fellow,27/05/2004
Deane; Sir; Anthony (1633 - 1721),Fellow,6/04/1681
Deane; William (- 1818),Fellow,17/11/1814
Dearnaley; Geoffrey,Fellow,11/03/1993
Debus; Heinrich (1824 - 1915),Fellow,6/06/1861
Debye; Peter Joseph Wilhelm (1884 - 1966),Foreign Member,25/05/1933
Decaisne; Joseph (1807 - 1882),Foreign Member,13/12/1877
Dee; Philip Ivor (1904 - 1983),Fellow,20/03/1941
Deer; William Alexander,Fellow,15/03/1962
Degge; Simon (1697 - c 1765),Fellow,14/05/1730
Degge; Simon (c 1694 - 1729),Fellow,2/05/1723
Dehn; Conrad D'Alev a (1688 - 1753); Count,Fellow,6/11/1729
Deidier; Antoine (? 1696 - 1746),Fellow,14/11/1723
Delafield; Joseph (- c 1842),Fellow,2/04/1835
Delambre; Jean Baptiste Joseph (1749 - 1822),Fellow,5/05/1791
Delaunay; Charles Eugene (1816 - 1872),Foreign Member,29/04/1869
Delaval; Edward Hussey (1729 - 1814); Chemist,Fellow,6/12/1759
Delavel; John (1790 - 1853); 4th Earl of Tyrconnel,Fellow,9/01/1834
Delbruck; Max Ludwig Henning (1906 - 1981),Foreign Member,20/04/1967
Dell; Anne,Fellow,13/05/2002
Delpy; David Thomas,Fellow,13/05/1999
Demissew; Sebsebe,Foreign Member,09/05/2018
Denbigh; Kenneth George (1911 - 2004),Fellow,18/03/1965
Dendy; Arthur (1865 - 1925),Fellow,07/05/1908
Denham; Dixon (1786 - 1828),Fellow,08/06/1826
Denham; Joshua Frederick (c 1801 - 1861),Fellow,20/05/1841
Denham; Sir; Henry Mangles (1800 - 1887),Fellow,28/02/1839
Denham; Sir; John (1615 - 1669),Original Fellow,20/05/1663
Denison; Albert (1805 - 1860); 1st Baron Londesborough,Fellow,13/06/1850
Denison; Sir; William Thomas (1804 - 1871),Fellow,22/02/1838
Denman; Thomas (1779 - 1854); 1st Baron Denman,Fellow,20/06/1833
Dent; Charles Enrique (1911 - 1976),Fellow,15/03/1962
Dent; Frederick James (1905 - 1973),Fellow,16/03/1967
Dent; John (1760 - 1826),Fellow,16/05/1811
Denton; Derek Ashworth,Fellow,13/05/1999
Denton; John Douglas; Engineer,Fellow,11/05/2000
Denton; Richard Michael,Fellow,14/05/1998
Denton; Sir; Eric James (1923 - 2007),Fellow,19/03/1964
Dereham; Sir; Thomas (c 1678 - 1739),Fellow,3/11/1720
Derham; William (1657 - 1735); Naturalist,Fellow,3/02/1703
Desaguliers; John Theophilus (1683 - 1744); Natural Philosopher,Fellow,29/07/1714
Desaguliers; Thomas (1721 - 1780),Fellow,24/02/1780
Desch; Cecil Henry (1874 - 1958),Fellow,03/05/1923
Desfontaines; Rene Louiche (1750 - 1833),Foreign Member,6/06/1833
Deslandres; Henri Alexandre (1853 - 1948),Foreign Member,05/05/1921
Deslongchamps; Pierre,Fellow,17/03/1983
Desmaizeaux; Peter (? 1672 - 1745),Fellow,3/11/1720
Despretz; Cesar Mansuete (1792 - 1863),Foreign Member,19/06/1862
Desty; Denis Henry (1923 - 1994),Fellow,15/03/1984
Deutsch; David Elieser,Fellow,15/05/2008
Deutsch; David Elieser; Professor,Fellow,15/05/2008
Devons; Samuel (1914 - 2006),Fellow,17/03/1955
Dewar; Michael James Stewart (1918 - 1997),Fellow,24/03/1960
Dewar; Sir; James (1842 - 1923),Fellow,7/06/1877
Dewey; John Frederick,Fellow,21/03/1985
Dexter; Thomas Michael,Fellow,14/03/1991
Diaz; Sandra,Foreign Member,28/03/2019
Dibdin; Thomas Frognall (1776 - 1847),Fellow,22/03/1821
Dick; John,Fellow,01/05/2014
Dickens; Frank (1899 - 1986),Fellow,21/03/1946
Dickenson; Edmund (1624 - 1707),Fellow,31/01/1678
Dickenson; John (c 1755 - 1842),Fellow,17/03/1814
Dickie; George (1812 - 1882),Fellow,2/06/1881
Dickins; Ambrose (c 1687 - 1747),Fellow,1/11/1722
Dickinson; Anthony,Fellow,15/05/2003
Dickinson; Charles (fl 1800),Fellow,27/11/1800
Dickinson; John (1782 - 1869),Fellow,6/03/1845
Dickinson; Joseph (- 1865),Fellow,1/06/1854
Dickson; Thomas (1726 - 1784),Fellow,10/05/1770
Dieskau; Johann Adolph (- 1767); Baron von,Fellow,5/04/1716
Diffie; Whitfield,Foreign Member,04/05/2017
Diffley; John Francis Xavier,Fellow,26/05/2005
Digby; Sir; Kenelm (1603 - 1665),Original Fellow,22/04/1663
Dillenius; Joannes Jacobus (1687 - 1747),Fellow,25/06/1724
Dillwyn; Lewis Weston (1778 - 1855),Fellow,2/02/1804
Dimsdale; Nathaniel (1748 - 1811),Fellow,21/11/1805
Dimsdale; Thomas (1712 - 1800),Fellow,16/03/1769
Dines; William Henry (1855 - 1927); Meteorologist,Fellow,11/05/1905
Dingley; Robert (1710 - 1781),Fellow,3/11/1748
Diodate; John (1690 - 1727),Fellow,30/11/1724
Dionis du Sejour; Achille Pierre (1734 - 1794),Fellow,1/06/1775
Dirac; Paul Adrien Maurice (1902 - 1984),Fellow,15/05/1930
Dirichlet; Peter Gustav Lejeune (1805 - 1859),Foreign Member,14/06/1855
Dirom; Alexander (- 1830),Fellow,10/07/1794
Disney; John (1779 - 1857),Fellow,9/06/1832
Disraeli; Benjamin (1804 - 1881); 1st Earl of Beaconsfield,Fellow,10/02/1876
Ditchburn; Robert William (1903 - 1987),Fellow,15/03/1962
Dittmar; William (1833 - 1892),Fellow,8/06/1882
Divers; Edward (1837 - 1912),Fellow,4/06/1885
Dixey; Frederick Augustus (1855 - 1935),Fellow,05/05/1910
Dixey; Sir; Frank (1892 - 1982),Fellow,20/03/1958
Dixon; Abraham (1724 - 1782),Fellow,9/02/1749
Dixon; Alfred Cardew (1865 - 1936),Fellow,05/05/1904
Dixon; Arthur Lee (1867 - 1955),Fellow,02/05/1912
Dixon; Gordon Henry (1930 - 2016),Fellow,16/03/1978
Dixon; Harold Baily (1852 - 1930),Fellow,4/06/1886
Dixon; Henry Horatio (1869 - 1953),Fellow,07/05/1908
Dixon; Jack E,Foreign Member,19/04/2012
Dixon; Jeremiah (1726 - 1782),Fellow,18/11/1773
Dixon; Malcolm (1899 - 1985),Fellow,19/03/1942
Dixon; Raymond Alan,Fellow,13/05/1999
Dixon; Richard (c 1780 - 1858),Fellow,21/03/1811
Dixon; Richard Arthur,Fellow,09/05/2018
Dixon; Richard Newland,Fellow,20/03/1986
Dixon; Walter Ernest (1871 - 1931),Fellow,04/05/1911
Dixon; William (1703 - 1783),Fellow,26/02/1730
Dixon-Lewis; Graham,Fellow,09/03/1995
Djerassi; Carl (1923 - 2015),Foreign Member,20/05/2010
Dobbie; Sir; James Johnston (1852 - 1924),Fellow,05/05/1904
Dobell; Cecil Clifford (1886 - 1949),Fellow,02/05/1918
Dobson; Christopher Martin (1949 - 2019),Fellow,14/03/1996
Dobson; George Edward (1848 - 1895),Fellow,7/06/1883
Dobson; Gordon Miller Bourne (1889 - 1976),Fellow,12/05/1927
Dobson; Matthew (- 1784),Fellow,12/02/1778
Dobson; Sir; Richard (c 1773 - 1847),Fellow,4/06/1835
Dobyns; John (- 1731),Fellow,12/03/1724
Dobzhansky; Theodosius Grigorievich (1900 - 1975),Foreign Member,08/04/1965
Dockray; Graham John,Fellow,27/05/2004
Dod; Peirce (1683 - 1754),Fellow,26/02/1730
Dodd; James Munro (1915 - 1986),Fellow,20/03/1975
Dodds; Sir; Edward Charles (1899 - 1973); Knight Biochemist,Fellow,19/03/1942
Dodgson; Charles (c 1723 - 1795),Fellow,1/04/1762
Dodson; Eleanor Joy (1936 -),Fellow,15/05/2003
Dodson; George Guy (1937 - 2012),Fellow,10/03/1994
Dodson; James (- 1757),Fellow,16/01/1755
Doherty; Peter Charles,Fellow,19/03/1987
Dohrn; Felix Anton (1840 - 1909),Foreign Member,1/06/1899
Dolaeus; Joannes (1651 - 1707),Fellow,21/01/1692
Dolan; Liam,Fellow,01/05/2014
Dolan; Raymond Joseph,Fellow,20/05/2010
Dolben; John (1625 - 1686); Archbishop of York,Fellow,29/03/1665
Doll; Sir; William Richard Shaboe (1912 - 2005),Fellow,17/03/1966
Dollond; George (1774 - 1852),Fellow,23/12/1819
Dollond; John (1706 - 1761),Fellow,28/05/1761
Dolphin; Annette Catherine,Fellow,30/04/2015
Dolphin; David Henry,Fellow,13/05/2002
Domagk; Gerhard (1895 - 1964),Foreign Member,23/04/1959
Domb; Cyril,Fellow,17/03/1977
Domcke; Georg Peter (fl 1734),Fellow,7/11/1734
Donald; Athene Margaret,Fellow,13/05/1999
Donaldson; Simon Kirwan,Fellow,20/03/1986
Donati; Vitaliano (1717 - 1762),Fellow,19/05/1757
Doncaster; Leonard (1877 - 1920),Fellow,06/05/1915
Donders; Franz Cornelius (1818 - 1889),Foreign Member,14/06/1866
Dongarra; Jack Joseph,Foreign Member,28/03/2019
Donkin; Bryan (1768 - 1855),Fellow,18/01/1838
Donkin; Sir; Rufane Shaw (? 1772 - 1841),Fellow,23/02/1826
Donkin; William Fishburn (1814 - 1869),Fellow,13/01/1842
Donnan; Frederick George (1870 - 1956),Fellow,04/05/1911
Donnelly; Christi Ann (1967 -),Fellow,28/04/2016
Donnelly; Peter James,Fellow,18/05/2006
Donoghue; Phillip C J,Fellow,30/04/2015
Doo; George Thomas (1800 - 1886),Fellow,5/06/1851
Doodson; Arthur Thomas (1890 - 1968),Fellow,11/05/1933
Doody; Samuel (1656 - 1706),Fellow,27/11/1695
Doppelmayr; Johann Gabriel (1671 - 1750),Fellow,6/12/1733
Dorey; Stanley Fabes (1891 - 1972),Fellow,18/03/1948
Dorislaus; Isaac (- 1688),Fellow,30/11/1681
Dornan; Peter John,Fellow,15/05/2003
Douarin; Nicole Marthe Le,Foreign Member,29/06/1989
Doudna; Jennifer Anne,Foreign Member,28/04/2016
Dougan; Gordon; Professor,Fellow,19/04/2012
Dougherty; Michele; Professor,Fellow,19/04/2012
Douglas; Alexander Edgar (1916 - 1981),Fellow,19/03/1970
Douglas; Alexander Hamilton (1767 - 1852); 10th Duke of Hamilton,Fellow,20/05/1802
Douglas; Andrew (1736 - 1806),Fellow,7/03/1793
Douglas; Charles (1698 - 1778); 3rd Duke of Queensberry and 2nd Duke of Dover,Fellow,8/11/1722
Douglas; Claude Gordon (1882 - 1963),Fellow,11/05/1922
Douglas; Dunbar James (1809 - 1885); 6th Earl of Selkirk,Fellow,13/01/1831
Douglas; Frederic Sylvester North (1791 - 1819); Actuary,Fellow,1/05/1817
Douglas; George (- ? 1868),Fellow,28/01/1830
Douglas; George (- 1737),Fellow,15/03/1733
Douglas; George (1761 - 1827); 16th Earl of Morton,Fellow,24/02/1785
Douglas; James (1675 - 1742); Physician,Fellow,20/11/1706
Douglas; James (1702 - 1768); 14th Earl of Morton,Fellow,19/04/1733
Douglas; John (- 1743); Surgeon,Fellow,30/11/1720
Douglas; John (1721 - 1807),Fellow,25/06/1778
Douglas; Lord; George (c 1657- 1693),Fellow,14/12/1692
Douglas; Sholto Charles (1732 - 1774); 15th Earl of Morton,Fellow,21/02/1754
Douglas; Sir; Charles (- 1789),Fellow,17/05/1770
Douglas; Sir; Howard (1776 - 1861),Fellow,25/01/1816
Douglas; Stewart Ranken (1871 - 1936); Bacteriologist,Fellow,11/05/1922
Douglas; Sylvester (1743 - 1823); Baron Glenbervie,Fellow,5/03/1795
Douglas; Thomas (1771 - 1820); 5th Earl of Selkirk,Fellow,7/07/1808
Douglas; Walter (1670 - 1739),Fellow,30/11/1711
Douglas; William (? 1768 - ? 1819),Fellow,18/12/1800
Douglas; William Robert Keith (1783 - 1859),Fellow,9/03/1826
Douglas; William Wilton (1922 - 1998),Fellow,17/03/1983
Douglass; Sir; James Nicholas (1826 - 1898),Fellow,9/06/1887
Dove; Heinrich Wilhelm (1803 - 1879); Meteorologist,Foreign Member,21/11/1850
Dowell; John Derek,Fellow,20/03/1986
Dowling; Dame; Ann Patricia,Fellow,15/05/2003
Dowling; Patrick Joseph,Fellow,14/03/1996
Downes; John (c 1627 - c 1694),Fellow,5/12/1667
Downie; Allan Watt (1901 - 1988),Fellow,17/03/1955
Downing; Arthur Matthew Weld (1850 - 1917),Fellow,4/06/1896
Downs; Sir; Diarmuid (1922 - 2014),Fellow,21/03/1985
Downward; Julian,Fellow,26/05/2005
Dowson; Duncan (1928 - 2020),Fellow,19/03/1987
Drake; Francis (1696 - 1771),Fellow,10/06/1736
Drake; James (1667 - 1707),Fellow,1/12/1701
Dran; Henri Francois Le (1685 - 1770),Fellow,10/01/1745
Drew; Richard (1787 - 1843),Fellow,28/02/1839
Dreyer; Christopher William de (- 1810),Fellow,5/06/1783
Dreyer; Georges (1873 - 1934),Fellow,12/05/1921
Drory; George William (1803 - 1879),Fellow,4/02/1836
Druce; George Claridge (1850 - 1932),Fellow,12/05/1927
Drucker; Daniel,Fellow,30/04/2015
Drummond; Henry (1786 - 1860),Fellow,19/12/1839
Drummond; Sir; Jack Cecil (1891 - 1952),Fellow,16/03/1944
Drummond; Sir; William (c 1770 - 1828),Fellow,4/04/1799
Drury; Henry Joseph Thomas (1778 - 1841),Fellow,26/02/1818
Drury; Sir; Alan Nigel (1889 - 1980),Fellow,06/05/1937
Drury; Sir; Thomas (1712 - 1759),Fellow,16/11/1758
Dry; Henry (fl 1697-1740),Fellow,30/04/1730
Dryden; John (1631 - 1700),Original Fellow,20/05/1663
du Sautoy; Marcus Peter Francis,Fellow,28/04/2016
Duane; Matthew (1707 - 1785),Fellow,9/06/1763
Duboule; Denis,Foreign Member,19/04/2012
Duc; Anthony Le (fl 1723),Fellow,21/03/1723
Ducarel; Andrew Coltee (1713 - 1785),Fellow,4/02/1762
Duckett; Sir; George (1777 - 1856),Fellow,8/12/1808
Duclos; Charles Dineau (1705 - 1772),Fellow,12/01/1764
Duddell; William (1872 - 1917),Fellow,02/05/1907
Dudley; Harold Ward (1887 - 1935),Fellow,15/05/1930
Dudley; Paul (1675 - 1751),Fellow,2/11/1721
Dudley; Sir; Matthew (- 1721),Fellow,30/11/1703
Dudley; Sir; Sheldon Francis (1884 - 1956),Fellow,20/03/1941
Duff; James (1729 - 1809); 2nd Earl of Fife,Fellow,29/03/1787
Duff; Michael James,Fellow,14/05/2009
Duff; Sir; Mountstuart Elphinstone Grant (1829 - 1906),Fellow,3/02/1881
Dugood; William (fl 1728 - 1767),Fellow,2/05/1728
Duhamel du Monceau; Henri Louis (1700 - 1782),Fellow,23/01/1735
Duke-Elder; Sir; William Stewart (1898 - 1978),Fellow,24/03/1960
Dulbecco; Renato (1914 - 2012),Foreign Member,25/04/1974
Duliolo; Rinaldo (- ? 1743),Fellow,23/10/1712
Dulong; Pierre Louis (1785 - 1838),Foreign Member,23/11/1826
Dumaresq; Daniel (1712 - 1805),Fellow,5/02/1761
Dumas; Jean Baptiste Andre (1800 - 1884),Foreign Member,18/06/1840
Dumas; Vital de (fl 1665 - 1675),Fellow,28/06/1665
Dummer; Thomas (c 1740 - 1781),Fellow,27/05/1773
Dummer; Thomas Lee (c 1712 - 1765),Fellow,9/03/1732
Duncan; Alexander (1758 - 1832),Fellow,19/04/1798
Duncan; James Matthews (1826 - 1890),Fellow,7/06/1883
Duncan; John,Fellow,15/05/2008
Duncan; Peter Martin (1821 - 1891),Fellow,4/06/1868
Duncan; Sir; William (c 1715 - 1774),Fellow,14/11/1771
Duncan; William Jolly (1894 - 1960),Fellow,20/03/1947
Duncumb; Peter,Fellow,17/03/1977
Dundas; Robert Saunders (1771 - 1851); 2nd Viscount Melville,Fellow,15/05/1817
Dundas; Sir; Thomas (1741 - 1820),Fellow,5/05/1768
Dunham; Sir; Kingsley Charles (1910 - 2001),Fellow,17/03/1955
Dunitz; Jack David,Fellow,21/03/1974
Dunkin; Edwin (1821 - 1898),Fellow,1/06/1876
Dunlop; James S,Fellow,28/04/2016
Dunstan; Sir; Wyndham Rowland (1861 - 1949),Fellow,1/06/1893
Duppa; Baldwin Francis (1828 - 1872),Fellow,6/06/1867
Dupre; August (1835 - 1907),Fellow,3/06/1875
Dupre; Josias (1721 - 1780),Fellow,3/06/1779
Durand; David (1680 - 1763),Fellow,16/01/1729
Durbin; Richard Michael,Fellow,27/05/2004
Duroure; Francis (c 1715 - 1808),Fellow,10/11/1774
Duroure; John (c 1751 - 1801),Fellow,25/05/1780
Durrant; James Robert (1965 -),Fellow,04/05/2017
Durrant-Whyte; Hugh Francis,Fellow,20/05/2010
Dutens; Louis (1730 - 1812),Fellow,27/04/1775
Dutton; Peter Leslie,Fellow,15/03/1990
Duval; Francis Philip (- 1768),Fellow,16/04/1741
Duval; Philip (1732 - 1808),Fellow,12/05/1774
Duve; Christian Rene Marie Joseph de (1917 - 2013); Viscount,Foreign Member,30/06/1988
Dwarris; Sir; Fortunatus William Lilley (1786 - 1860),Fellow,22/04/1847
Dwek; Raymond Allen,Fellow,14/05/1998
Dwyer; Edmund (c 1774 - 1822),Fellow,9/04/1812
Dye; Christopher,Fellow,19/04/2012
Dye; David William (1887 - 1932),Fellow,10/05/1928
Dyer; Samuel (1725 - 1772),Fellow,6/03/1760
Dyson; Freeman John,Fellow,20/03/1952
Dyson; James,Fellow,30/04/2015
Dyson; James (1914 - 1990),Fellow,21/03/1968
Dyson; Sir; Frank Watson (1868 - 1939),Fellow,06/06/1901
Eaborn; Colin (1923 - 2004),Fellow,19/03/1970
Eames; John (- 1744),Fellow,25/06/1724
Eardley; Sampson (? 1745 - 1824); Baron Eardley,Fellow,5/11/1789
Eardley-Wilmot; Frederick Marow (1812 - 1877),Fellow,4/06/1863
Eardley-Wilmot; John (1750 - 1815),Fellow,18/11/1779
Eardley-Wilmot; Sir; John Eardley (1783 - 1847),Fellow,7/05/1812
Earle; Henry (1789 - 1838),Fellow,18/04/1822
Earle; Sir; James (1755 - 1817),Fellow,6/03/1794
Earle; William Benson (1740 - 1796),Fellow,4/03/1773
Earnshaw; William,Fellow,02/05/2013
East; Sir; Edward Hyde (1764 - 1847),Fellow,11/04/1799
East; Warren,Fellow,04/05/2017
East; William (fl 1721 - 1734),Fellow,9/03/1721
Eastlake; Sir; Charles Lock (1793 - 1865),Fellow,25/01/1838
Eastwick; Edward Backhouse (1814 - 1883),Fellow,5/06/1851
Eastwood; Sir; Eric (1910 - 1981),Fellow,21/03/1968
Eaton; Stephen (- 1806),Fellow,27/04/1797
Eaves; Laurence,Fellow,15/05/1997
Ebashi; Setsuro (1922 - 2006),Foreign Member,21/04/1977
Eccles; Sir; John Carew (1903 - 1997),Fellow,20/03/1941
Eccles; William Henry (1875 - 1966),Fellow,12/05/1921
Eckersall; George (- 1770),Fellow,23/04/1761
Eckersley; Thomas Lydwell (1886 - 1959),Fellow,17/03/1938
Eckhardt; Anton Georg (1740 - 1810),Fellow,2/06/1774
Eddington; Sir; Arthur Stanley (1882 - 1944); Mathematician and Astrophysicist,Fellow,07/05/1914
Eden; Morton (1752 - 1830); 1st Baron Henley,Fellow,6/02/1800
Eden; William (1744 - 1814); 1st Baron Auckland,Fellow,23/03/1786
Edgcumbe; George (1721 - 1795); 1st Earl of Mount-Edgcumbe,Fellow,10/06/1784
Edgcumbe; Richard (1764 - 1839); 2nd Earl of Mount-Edgcumbe,Fellow,12/05/1808
Edgcumbe; Sir; Richard (1640 - 1688),Fellow,30/11/1676
Edgecombe; Gregory Donald,Fellow,09/05/2018
Edgell; Sir; John Augustine (1880 - 1962),Fellow,18/03/1943
Edgeworth; Lovell (1796 - 1841),Fellow,14/11/1822
Edgworth; Richard Lovell (1744 - 1817),Fellow,5/07/1781
Edman; Pehr Victor (1916 - 1977),Fellow,21/03/1974
Edmond; John Marmion (1943 - 2001),Fellow,20/03/1986
Edmonstone; Neil Benjamin (1765 - 1841),Fellow,12/01/1826
Edward Augustus (1739 - 1767); Duke of York and Albany,Royal Fellow,27/11/1760
Edward VII (1841 - 1910); King of Great Britain and Ireland,Royal Fellow; Patron,12/02/1863
Edward VIII (1894 - 1972); King of Great Britain Ireland and the British Dominions,Royal Fellow; Patron,15/05/1919
Edwards; Anthony,Fellow,30/04/2015
Edwards; Bryan (1743 - 1800),Fellow,22/05/1794
Edwards; Charles Alfred (1882 - 1960),Fellow,15/05/1930
Edwards; David Olaf,Fellow,17/03/1988
Edwards; Dianne,Fellow,14/03/1996
Edwards; Frederick Wallace (1888 - 1940),Fellow,16/03/1939
Edwards; George (1694 - 1773),Fellow,10/11/1757
Edwards; John Hilton (1928 - 2007),Fellow,15/03/1979
Edwards; Peter Philip,Fellow,14/03/1996
Edwards; Robert Geoffrey (1925 - 2013),Fellow,15/03/1984
Edwards; Sir; George Robert (1908 - 2003),Fellow,21/03/1968
Edwards; Sir; James (c 1689 - 1744),Fellow,3/02/1732
Edwards; Sir; Samuel Frederick,Fellow,17/03/1966
Edwards; William Frederick (1776 - 1842),Fellow,26/02/1829
Edye; John (1789 - 1873),Fellow,5/02/1835
Edye; Joseph (1791 - 1866),Fellow,21/01/1841
Effen; Justus van (1684 - 1735),Fellow,30/11/1715
Efstathiou; George Petros,Fellow,10/03/1994
Egan; Thomas (- 1829),Fellow,4/04/1811
Egerton; Francis Henry (1756 - 1829); 8th Earl of Bridgewater,Fellow,8/11/1781
Egerton; George Granville Francis (1823 - 1862); 2nd Earl of Ellesmere,Fellow,06/12/1860
Egerton; John William (1753 - 1823); 7th Earl of Bridgewater,Fellow,28/01/1808
Egerton; Sir; Alfred Charles Glyn (1886 - 1959); Chemist,Fellow,06/05/1926
Eglinton; Geoffrey (1927 - 2016),Fellow,18/03/1976
Eglinton; Timothy,Fellow,01/05/2014
Ehrenberg; Christian Gottfried (1795 - 1876),Foreign Member,27/04/1837
Ehret; Georg Dionysius (? 1710 - 1770); Botanical illustrator,Fellow,19/05/1757
Ehrlich; Paul (1854 - 1915),Foreign Member,30/06/1910
Ehrlich; Paul R,Foreign Member,19/04/2012
Eigen; Manfred,Foreign Member,03/05/1973
Einstein; Albert (1879 - 1955),Foreign Member,05/05/1921
Einthoven; Willem (1860 - 1927),Foreign Member,29/04/1926
Eisner; Thomas (1929 - 2011),Foreign Member,15/05/1997
Ekers; Ronald David (1941 -),Fellow,26/05/2005
Ekert; Artur,Fellow,28/04/2016
Ekins; Roger Philip (1926 - 2016),Fellow,10/05/2001
Eland; John Hugh David,Fellow,18/05/2006
Elderfield; Henry,Fellow,10/05/2001
Eley; Daniel Douglas (1914 - 2015),Fellow,19/03/1964
Elford; Sir; William (1749 - 1837),Fellow,29/04/1790
Elford; William Joseph (1900 - 1952),Fellow,16/03/1950
Elgar; Francis (1845 - 1909),Fellow,4/06/1896
Elion; Gertrude Belle (1918 - 1999),Foreign Member,09/03/1995
Eliot; Sir; John (1839 - 1908),Fellow,13/06/1895
Eliott; Francis Augustus (1750 - 1818); 2nd Baron Heathfield,Fellow,2/03/1809
Eliott; Sir; William Francis (1792 - 1864),Fellow,2/03/1815
Elizabeth (1900 - 2002); The Queen Mother,Royal Fellow,08/11/1956
Elizabeth II; Queen of Great Britain and Northern Ireland,Royal Fellow; Patron,30/01/1947
Ellery; Robert Lewis John (1827 - 1908),Fellow,12/06/1873
Ellicott; John (c 1706 - 1772),Fellow,26/10/1738
Ellington; Charles Porter (1952 - 2019),Fellow,14/05/1998
Elliot; Charles Morgan (1815 - 1852),Fellow,5/06/1851
Elliot; Gilbert (1751 - 1814); 1st Earl of Minto and Viscount Melgund,Fellow,23/12/1802
Elliot; Gilbert (1782 - 1859); 2nd Earl of Minto,Fellow,3/03/1836
Elliot; Harry (1920 - 2009),Fellow,15/03/1973
Elliot; John (- 1808),Fellow,18/01/1776
Elliot; John (c 1764 - 1829),Fellow,16/05/1811
Elliot; Sir; George (1784 - 1863),Fellow,5/06/1834
Elliot; Sir; Walter (1803 - 1887),Fellow,6/06/1878
Elliot; Walter Elliot (1888 - 1958),Statute 12,20/06/1935
Elliotson; John (1791 - 1868),Fellow,19/03/1829
Elliott; Charles (1776 - 1856),Fellow,26/11/1835
Elliott; Charles Boileau (1803 - 1875),Fellow,5/04/1832
Elliott; Charles Thomas,Fellow,17/03/1988
Elliott; Edwin Bailey (1851 - 1937),Fellow,4/06/1891
Elliott; James Philip (1929 - 2008),Fellow,20/03/1980
Elliott; Michael (1924 - 2007),Fellow,15/03/1979
Elliott; Sir; Roger James (1928 - 2018),Fellow,18/03/1976
Elliott; Thomas Renton (1877 - 1961),Fellow,01/05/1913
Elliott; Timothy Richard,Fellow,04/05/2017
Ellis; Alexander John (1814 - 1890); Mathematician,Fellow,2/06/1864
Ellis; Andrew (- ? 1673),Original Fellow,20/05/1663
Ellis; George (1753 - 1815),Fellow,18/05/1797
Ellis; George Francis Rayner,Fellow,17/05/2007
Ellis; Henry (1721 - 1806),Fellow,8/02/1750
Ellis; Jeff G,Fellow,14/05/2009
Ellis; John (- ? 1847),Fellow,12/03/1801
Ellis; John (c 1710 - 1776); Naturalist,Fellow,19/10/1904
Ellis; John (fl 1774),Fellow,19/05/1774
Ellis; Jonathan Richard,Fellow,21/03/1985
Ellis; Reginald John,Fellow,17/03/1983
Ellis; Richard Keith,Fellow,14/05/2009
Ellis; Richard Salisbury,Fellow,09/03/1995
Ellis; Sir; Charles Drummond (1895 - 1980); Physicist,Fellow,02/05/1929
Ellis; Sir; Henry (1777 - 1855); Diplomat,Fellow,11/02/1819
Ellis; Sir; Henry (1777 - 1869),Fellow,30/05/1811
Ellis; Thomas Flower (1796 - 1861),Fellow,15/04/1847
Ellis; Welbore (1713 - 1802); 1st Baron Mendip of Mendip,Fellow,20/06/1745
Ellis; William (1828 - 1916); Meteorologist and Astronomer,Fellow,1/06/1893
Ellys; Anthony (1690 - 1761),Fellow,12/03/1724
Elmsley; Peter (1773 - 1825),Fellow,10/02/1814
Elphinstone; George Keith (1746 - 1823); Viscount Keith,Fellow,24/06/1790
Elphinstone; Sir; Howard (1804 - 1893),Fellow,9/06/1832
Else; Joseph (- 1780),Fellow,14/05/1778
Elsworth; Yvonne Patricia,Fellow,30/04/2015
Elton; Charles Sutherland (1900 - 1991),Fellow,19/03/1953
Eltringham; Harry (1873 - 1941),Fellow,15/05/1930
Elwes; Henry John (1846 - 1922),Fellow,3/06/1897
Embley; (Thomas) Martin,Fellow,28/03/2019
Emeleus; Harry Julius (1903 - 1993),Fellow,21/03/1946
Emlyn; Thomas (- 1797),Fellow,10/11/1768
Emmet; Maurice (c 1676 - c 1720),Fellow,23/03/1698
Encke; Johann Franz (1791 - 1865); Astronomer,Fellow,9/06/1825
Enderby; Charles (1797 - 1876),Fellow,14/01/1841
Enderby; Sir; John Edwin,Fellow,21/03/1985
Enders; John Franklin (1897 - 1985),Foreign Member,20/04/1967
England; Philip Christopher,Fellow,13/05/1999
Engledow; Sir; Frank Leonard (1890 - 1985),Fellow,21/03/1946
Englefield; Sir; Henry Charles (1752 - 1822),Fellow,12/02/1778
Ent; George (c 1644 - 1679),Fellow,8/11/1677 or 1678
Ent; Sir; George (1604 - 1689),Original Fellow,22/04/1663
Epinasse; Charles L' (fl 1767),Fellow,9/07/1767
Epstein; David Bernard Alper,Fellow,27/05/2004
Epstein; Sir; Michael Anthony,Fellow,15/03/1979
Erdelyi; Arthur (1908 - 1977),Fellow,20/03/1975
Erdos; Paul (1913 - 1996),Foreign Member,29/06/1989
Erichsen; Sir; John Eric (1818 - 1896),Fellow,1/06/1876
Erle; Sir; William (1793 - 1880),Fellow,22/11/1860
Erman; Georg Adolf (1806 - 1877),Foreign Member,27/11/1873
Erman; Paul (1764 - 1851),Foreign Member,8/03/1827
Ernest Augustus (1771 - 1851); Duke of Cumberland and King of Hanover,Royal Fellow,24/04/1828
Ernest II (1745 - 1804); Duke of Saxe-Gotha and Altenburg,Fellow,14/06/1787
Ernst; Richard R,Foreign Member,17/06/1993
Errington; Jeffery,Fellow,15/05/2003
Erskine; David Steuart (1742 - 1829); 11th Earl of Buchan,Fellow,27/06/1765
Erskine; Henry David (1710 - 1767); 10th Earl of Buchan,Fellow,10/01/1734
Erskine; Robert (1735 - 1780),Fellow,31/01/1771
Erskine; Robert (c 1674 - 1719),Fellow,30/11/1703
Erskine; Thomas (1750 - 1823); 1st Baron Erskine,Fellow,22/02/1787
Erskine; William (- 1685),Original Fellow,22/04/1663
Eschenmoser; Albert Jakob (1925 -),Foreign Member,26/06/1986
Eshelby; John Douglas (1916 - 1981),Fellow,21/03/1974
Essen; Louis (1908 - 1997),Fellow,24/03/1960
Esson; William (? 1838 - 1916),Fellow,3/06/1869
Este; Francesco Maria d' (1698 - 1780); Prince of Modena,Fellow,6/11/1735
Etheridge; Alison M,Fellow,30/04/2015
Etheridge; Robert (1819 - 1903),Fellow,8/06/1871
Euler; Leonhard (1707 - 1783),Fellow,22/01/1747
Euler; Ulf Svante von (1905 - 1983),Foreign Member,03/05/1973
Eustace; Sir; Maurice (- 1703),Fellow,9/01/1668
Evan; Gerard Ian,Fellow,27/05/2004
Evans; Anthony Glyn (1942 - 2009),Fellow,10/05/2001
Evans; Dennis Frederick (1928 - 1990),Fellow,19/03/1981
Evans; Herbert McLean (1882 - 1971),Foreign Member,19/04/1951
Evans; John William (1857 - 1930),Fellow,15/05/1919
Evans; Lewis (1755 - 1827),Fellow,29/05/1823
Evans; Lloyd Thomas (1927 - 2015),Fellow,18/03/1976
Evans; Lyndon Rees,Fellow,20/05/2010
Evans; Meredith Gwynne (1904 - 1952),Fellow,20/03/1947
Evans; Philip Richard,Fellow,26/05/2005
Evans; Robert,Fellow,26/05/2005
Evans; Sir; Arthur John (1851 - 1941),Fellow,06/06/1901
Evans; Sir; Charles Arthur Lovatt (1884 - 1968),Fellow,07/05/1925
Evans; Sir; David Gwynne (1909 - 1984),Fellow,24/03/1960
Evans; Sir; Frederick John Owen (1815 - 1885),Fellow,5/06/1862
Evans; Sir; John (1823 - 1908),Fellow,2/06/1864
Evans; Sir; Martin John,Fellow,11/03/1993
Evans; Trevor,Fellow,17/03/1988
Evans; Ulick Richardson (1889 - 1980),Fellow,17/03/1949
Evans; William Charles (1911 - 1988),Fellow,15/03/1979
Eve; Arthur Stewart (1862 - 1948),Fellow,03/05/1917
Eve; Henry (- 1686),Fellow,9/11/1681
Evelyn; George (1791 - 1829),Fellow,12/02/1829
"Evelyn; John (1620 - 1706); Diarist, Traveller, Numismatist, Antiquary and Gardener",Original Fellow,22/04/1663
Evelyn; Sir; John (1682 - 1763),Fellow,17/01/1723
Everest; Sir; George (1790 - 1866); Surveyor and Military Engineer,Fellow,8/03/1827
Everett; Douglas Hugh (1916 - 2002); chemist,Fellow,20/03/1980
Everett; Joseph David (1831 - 1904),Fellow,12/06/1879
Everitt; Barry John,Fellow,17/05/2007
Evershed; John (1864 - 1956),Fellow,06/05/1915
Evershed; Richard Peter,Fellow,20/05/2010
Ewald; Paul Peter (1888 - 1985),Fellow,20/03/1958
Ewart; Alfred James (1872 - 1937),Fellow,11/05/1922
Ewart; James Cossar (1851 - 1933),Fellow,1/06/1893
Ewens; Warren John,Fellow,11/05/2000
Ewer; Walter (1784 - 1863),Fellow,21/05/1840
Ewing; Sir; James Alfred (1855 - 1935),Fellow,9/06/1887
Ewing; William Maurice (1906 - 1974),Foreign Member,27/04/1972
Ewins; Arthur James (1882 - 1957),Fellow,18/03/1943
Ewins; David John,Fellow,18/05/2006
Eyles-Stiles; Sir; Francis Haskins (- 1762),Fellow,10/03/1743
Eyre; Brian Leonard (1933 - 2014),Fellow,10/05/2001
Eyre; Kingsmill (- 1743),Fellow,12/05/1726
Eyre; Richard (fl 1767),Fellow,19/02/1767
Eyre; Sir; James (1734 - 1799),Fellow,5/05/1791
Fabian; Andrew Christopher,Fellow,14/03/1996
Fabry; Marie Paul Auguste Charles (1867 - 1945),Foreign Member,25/06/1931
Faddeev; Ludwig Dmitrievich,Foreign Member,20/05/2010
Fage; Arthur (1890 - 1977),Fellow,19/03/1942
Faget; Jean Baptiste (1706 - 1762),Fellow,14/12/1752
Fahrenheit; Daniel Gabriel (1686 - 1736),Fellow,7/05/1724
Fairbairn; Sir; William (1789 - 1874),Fellow,6/06/1850
Fairfax; Henry Colepeper (c 1697 - 1734); Mathematician,Fellow,11/01/1727
Fairley; Neil Hamilton (1891 - 1966),Fellow,19/03/1942
Falcon; Norman Leslie (1904 - 1996),Fellow,24/03/1960
Falconer; Douglas Scott (1913 - 2004),Fellow,15/03/1973
Falconer; Hugh (1808 - 1865),Fellow,13/02/1845
Falconer; William (1744 - 1824),Fellow,18/03/1773
Falkow; Stanley (1934 - 2018),Foreign Member,17/05/2007
Fallows; Fearon (1789 - 1831); Astronomer,Fellow,8/06/1820
Faltings; Gerd,Foreign Member,28/04/2016
Fan; Wenfei,Fellow,09/05/2018
Fanaroff; Bernard Lewis,Fellow,28/03/2019
Fane; Sir; Francis (c 1612 - 1681),Original Fellow,20/05/1663
Fano; Ugo (1912 - 2001),Foreign Member,09/03/1995
Faraday; Michael (1791 - 1867); Natural Philosopher,Fellow,08/01/1824
Faria; Giuseppe de (- 1703),Fellow,30/11/1682
Farley; Francis James Macdonald,Fellow,16/03/1972
Farmer; David Malcolm,Fellow,18/05/2006
Farmer; Ernest Harold (1890 - 1952),Fellow,18/03/1948
Farmer; Frank Reginald (1914 - 2001),Fellow,19/03/1981
Farmer; Richard (1735 - 1797),Fellow,17/02/1791
Farmer; Sir; John Bretland (1865 - 1944),Fellow,14/06/1900
Farquhar; Graham Douglas,Fellow,09/03/1995
Farquhar; Sir; Robert Townsend (1776 - 1830),Fellow,20/01/1820
Farquharson; James (1781 - 1843),Fellow,28/01/1830
Farr; Clinton Coleridge (1866 - 1943),Fellow,10/05/1928
Farr; Samuel (1741 - 1795),Fellow,25/02/1779
Farr; William (- 1809),Fellow,1/03/1770
Farr; William (1807 - 1883),Fellow,7/06/1855
Farrar; Frederick William (1831 - 1903),Fellow,7/06/1866
Farrar; Jeremy James,Fellow,30/04/2015
Farre; Arthur (1811 - 1887),Fellow,2/05/1839
Farren; Sir; William Scott (1892 - 1970),Fellow,22/03/1945
Fasham; Michael John Robert,Fellow,11/05/2000
Fatio de Duillier; Nicolas (1664 - 1753),Fellow,2/05/1688
Fatio; Jean Christophe (- 1720),Fellow,3/04/1706
Fatt; Paul (1924 - 2014),Fellow,20/03/1969
Fauquier; Francis (1703 - 1768),Fellow,15/02/1753
Fauquier; William (- 1788),Fellow,29/01/1747
Faure-Fremiet; Emmanuel (1883 - 1971),Foreign Member,25/04/1963
Fawcett; Edward (1867 - 1942),Fellow,03/05/1923
Fawcett; Henry (1833 - 1884),Fellow,12/01/1882
Fawconer; Jonathan (- 1753),Fellow,5/02/1736
Fay; Charles Francois de Cisternay Du (1698 - 1739),Fellow,8/05/1729
Faye; Charles de la (- 1762),Fellow,4/11/1725
Fayrer; Sir; Joseph (1824 - 1907); Surgeon,Fellow,7/06/1877
Feake; Charles (c 1716 - 1762),Fellow,26/01/1749
Fearnsides; William George (1879 - 1968),Fellow,05/05/1932
Fearon; Douglas Thomas,Fellow,13/05/1999
Feast; William James,Fellow,14/03/1996
Feather; Norman (1904 - 1978),Fellow,22/03/1945
Featherstonehaugh; George William (1780 - 1866),Fellow,02/04/1835
Febure; Nicasius Le (c 1610 - 1669),Original Fellow,20/05/1663
Feilden; Geoffrey Bertram Robert (1917 - 2004),Fellow,19/03/1959
Feldberg; Wilhelm Siegmund (1900 - 1993),Fellow,20/03/1947
Feldmann; Marc,Fellow,18/05/2006
Felix; Arthur (1887 - 1956),Fellow,18/03/1943
Fell; Dame; Honor Bridget (1900 - 1986),Fellow,20/03/1952
Fellgett; Peter Berners,Fellow,20/03/1986
Fellowes; Sir; James (1771 - 1857),Fellow,29/02/1816
Fellowes; William (1660 - 1724),Fellow,30/11/1704
Fellowes; William (1705 - 1775),Fellow,4/11/1731
Fellowes; William (fl 1708),Fellow,30/11/1708
Felton; Samuel (- 1802),Fellow,9/12/1762
Fenchel; Tom,Foreign Member,17/05/2007
Fenner; Frank John (1914 - 2010),Fellow,20/03/1958
Fenton; Henry John Horstman (1854 - 1929),Fellow,1/06/1899
Fenton; West (c 1699 - 1731),Fellow,2/05/1723
Ferdinand Albert (1636 - 1687); Duke of Brunswick,Royal Fellow,25/01/1665
Ferguson; James (1710 - 1776),Fellow,24/11/1763
Ferguson; Robert (1767 - 1840),Fellow,7/03/1805
Ferguson; Sir; Michael Anthony John (1957 -),Fellow,11/05/2000
Ferguson-Smith; Anne Carla,Fellow,04/05/2017
Ferguson-Smith; Malcolm Andrew,Fellow,17/03/1983
Fergusson; Finlay (fl 1798),Fellow,21/06/1798
Fergusson; James (1808 - 1886),Fellow,4/06/1863
Fergusson; Sir; William (1808 - 1877),Fellow,9/06/1848
Fermi; Enrico (1901 - 1954),Foreign Member,27/04/1950
Fermor; Sir; Lewis Leigh (1880 - 1954),Fellow,03/05/1934
Fermor; Thomas William (1770 - 1833); 4th Earl of Pomfret,Fellow,14/03/1805
Ferner; Benedict (1724 - 1802),Fellow,11/12/1760
Feronce; Jean Baptiste de (1723 - 1799),Fellow,28/06/1764
Ferranti; Sebastian Ziani de (1864 - 1930),Fellow,12/05/1927
Ferrari; Domenico (- 1744),Fellow,14/11/1723
Ferrers; Norman Macleod (1829 - 1903),Fellow,7/06/1877
Ferrier; Sir; David (1843 - 1928),Fellow,1/06/1876
Ferris; Samuel (1757 - 1831),Fellow,30/03/1797
Fersht; Sir; Alan Roy,Fellow,17/03/1983
Festing; Edward Robert (1839 - 1912),Fellow,4/06/1886
Fetherstonhaugh; Matthew (1715 - 1774),Fellow,13/02/1752
Fettiplace; Robert,Fellow,15/03/1990
Fevre; Raymond James Wood Le (1905 - 1986),Fellow,19/03/1959
Feynman; Richard Phillips (1918 - 1988),Foreign Member,08/04/1965
Field; Frederick (1826 - 1885),Fellow,4/06/1863
Field; John Edwin,Fellow,10/03/1994
Field; Joshua (c 1786 - 1863),Fellow,3/03/1836
Field; Sir; Arthur Mostyn (1855 - 1950),Fellow,11/05/1905
Fielding; George Hunsley (1801 - 1871),Fellow,5/05/1842
Fields; John Charles (1863 - 1932),Fellow,01/05/1913
Fildes; Sir; Paul Gordon (1882 - 1971); Microbiologist,Fellow,03/05/1934
Filenius; Petrus (1704 - 1777),Fellow,26/01/1738
Filon; Louis Napoleon George (1875 - 1937),Fellow,05/05/1910
Finch; Daniel (1647 - 1730); 2nd Earl of Nottingham and 6th Earl of Winchelsea,Fellow,26/11/1668
Finch; George (1752 - 1826); 9th Earl of Winchelsea,Fellow,7/05/1807
Finch; George Ingle (1888 - 1970),Fellow,17/03/1938
Finch; Heneage (1751 - 1812); 4th Earl of Aylesford,Fellow,25/02/1773
Finch; Henry (- 1757),Fellow,28/10/1742
Finch; John Thomas (1930 - 2017),Fellow,18/03/1982
Finch; Sir; John (1626 - 1682),Original Fellow,20/05/1663
Finch; Thomas (1756 - 1810),Fellow,13/12/1804
Fincham; John Robert Stanley (1926 - 2005),Fellow,20/03/1969
Finlay; Bland James,Fellow,27/05/2004
Finlay; John (1760 - 1802),Fellow,5/06/1788
Finney; David John (1917 - 2018),Fellow,17/03/1955
Finniston; Harold Montague (1912 - 1991),Fellow,20/03/1969
Firmin; Thomas (1632 - 1697),Fellow,29/01/1680
Fischer; Edmond Henri,Foreign Member,20/05/2010
Fischer; Emil Hermann (1852 - 1919),Foreign Member,1/06/1899
Fischer; Johann Benjamin (1720 - ? 1760),Fellow,15/11/1744
Fischer; William Lewis Ferdinand (? 1813 - 1890),Fellow,7/06/1855
Fisher; Amanda Gay,Fellow,01/05/2014
Fisher; George (1794 - 1873),Fellow,27/01/1825
Fisher; Herbert Albert Laurens (1865 - 1940),Statute 12,24/06/1920
Fisher; John (1748 - 1825),Fellow,18/03/1819
Fisher; Michael Ellis,Fellow,18/03/1971
Fisher; Sir; Ronald Aylmer (1890 - 1962),Fellow,02/05/1929
Fitter; Alastair Hugh,Fellow,26/05/2005
Fitton; William Henry (1780 - 1861); Geologist,Fellow,9/11/1815
FitzClarence; George Augustus Frederick (1794 - 1842); 1st Earl of Munster,Fellow,13/01/1820
FitzGerald; Garret,Fellow,19/04/2012
Fitzgerald; George Francis (1851 - 1901),Fellow,7/06/1883
Fitzgerald; Keane (- 1782),Fellow,25/03/1756
Fitzgerald; Maria,Fellow,28/04/2016
Fitzgerald; Maurice (1774 - 1849),Fellow,4/02/1813
Fitzgerald; William Vesey (1783 - 1843); Baron Fitzgerald of Desmond and Clan Gibbon,Fellow,2/05/1816
Fitzherbert; William (1712 - 1772),Fellow,11/11/1762
Fitzmaurice; John (1778 - 1820); Viscount Kirkwall,Fellow,12/04/1804
Fitzmaurice; Sir; Maurice (1861 - 1924),Fellow,15/05/1919
Fitzpatrick; John (1745 - 1818); 2nd Earl of Upper Ossory,Fellow,17/02/1780
Fitzroy; Charles (1683 - 1757); 2nd Duke of Grafton,Fellow,23/11/1749
"FitzRoy; Robert (1805 - 1865); Meteorologist, Governor of New Zealand and Vice Admiral",Fellow,5/06/1851
Fitzsimons; James Thomas,Fellow,17/03/1988
Fitzwilliam; Richard (1711 - 1776); 6th Viscount Fitzwilliam of Meryon,Fellow,17/12/1747
Fitzwilliam; Richard (1745 - 1816); 7th Viscount Fitzwilliam of Meryon,Fellow,5/03/1789
Fizeau; Armand Hippolyte Louis (1819 - 1896),Foreign Member,8/04/1875
Flamsteed; John (1646 - 1719); Astronomer,Fellow,8/02/1677
Flatman; Thomas (c 1637 - 1688),Fellow,30/04/1668
Flavell; Richard Anthony,Fellow,15/03/1984
Flavell; Richard Bailey,Fellow,14/05/1998
Fleck; Alexander (1889 - 1968); Baron Fleck of Saltcoats,Fellow,17/03/1955
Fleck; Norman Andrew,Fellow,27/05/2004
Fleischmann; Martin (1927 - 2012),Fellow,20/03/1986
Fleming; Graham Richard,Fellow,10/03/1994
Fleming; Ian,Fellow,11/03/1993
Fleming; John (1747 - 1829),Fellow,25/02/1813
Fleming; Sir; Alexander (1881 - 1955); Bacteriologist,Fellow,18/03/1943
Fleming; Sir; Charles Alexander (1916 - 1987); Palaeontologist,Fellow,16/03/1967
Fleming; Sir; John Ambrose (1849 - 1945); Electrical Engineer,Fellow,2/06/1892
Fletcher; Isaac (1827 - 1879),Fellow,7/06/1855
Fletcher; Roger,Fellow,15/05/2003
Fletcher; Sir; Lazarus (1854 - 1921),Fellow,6/06/1889
Fletcher; Sir; Walter Morley (1873 - 1933),Fellow,06/05/1915
Fletcher; Thomas William (1808 - 1893),Fellow,21/03/1839
Flett; Sir; John Smith (1869 - 1947),Fellow,01/05/1913
Fleure; Herbert John (1877 - 1969),Fellow,07/05/1936
Flexner; Simon (1863 - 1946),Foreign Member,26/06/1919
Flight; Walter (1841 - 1885),Fellow,7/06/1883
Flint; Jonathan,Fellow,28/03/2019
Florey; Howard Walter (1898 - 1968); Baron Florey of Adelaide and Marston; Pathologist,Fellow,20/03/1941
Flourens; Marie Jean Pierre (1794 - 1867),Foreign Member,4/06/1835
Flower (fl 1668),Fellow,20/02/1668
Flower; Roderick John,Fellow,15/05/2003
Flower; Sir; William Henry (1831 - 1899),Fellow,2/06/1864
Flowers; Brian Hilton (1924 - 2010); Baron Flowers of Queen's Gate in the City of Westminster,Fellow,16/03/1961
Fludyer; Sir; Thomas (- 1769),Fellow,12/02/1767
Fly; Henry (fl 1781),Fellow,10/05/1781
Fogg; Gordon Elliott (1919 - 2005),Fellow,18/03/1965
Folard; Jean Charles (1669 - 1752),Fellow,8/02/1750
Foley; Richard (1681 - 1732),Fellow,30/11/1708
Foley; Thomas (- 1733); 1st Baron Foley of Kidderminster,Fellow,15/07/1696
Foley; Thomas (c 1703 - 1766),Fellow,27/11/1740
Folkes; Martin (1690 - 1754); Antiquary,Fellow,29/07/1714
Folkes; Sir; Martin Browne (1749 - 1821),Fellow,2/04/1772
Folkes; Sir; William Browne (1786 - 1860),Fellow,10/04/1834
Folkes; William (c 1700 - 1773),Fellow,9/03/1727
Follett; Sir; Brian Keith,Fellow,15/03/1984
Folley; Sydney John (1906 - 1970),Fellow,15/03/1951
Fontana; Gregorio (1735 - 1803),Fellow,16/04/1795
Fontenelle; Bernard le Bovier de (1657 - 1757),Fellow,18/01/1733
Forbes; David (1828 - 1876); Metallurgist,Fellow,3/06/1858
Forbes; Edward (1815 - 1854); Naturalist,Fellow,13/02/1845
Forbes; George (1849 - 1936); Engineer,Fellow,9/06/1887
Forbes; James (1749 - 1819),Fellow,24/03/1803
Forbes; James David (1809 - 1868); Natural Philosopher,Fellow,9/06/1832
Forbes; Sir; John (1787 - 1861),Fellow,5/02/1829
Forbes; William Nairn (1796 - 1855),Fellow,21/02/1822
Ford; Charles Edmund (1912 - 1999),Fellow,18/03/1965
Ford; Edmund Brisco (1901 - 1988),Fellow,21/03/1946
Ford; Sir; Henry (1617 - 1684),Fellow,22/07/1663
Ford; Sir; Hugh,Fellow,16/03/1967
Ford; Sir; Richard (1613 - 1678),Fellow,27/11/1673
Fordyce; George (1736 - 1802); Physician,Fellow,15/02/1776
Fordyce; Sir; William (1724 - 1792); Physician,Fellow,11/01/1787
Formey; Johann Heinrich Samuel (1711 - 1797),Fellow,25/01/1750
Fornasari; Ippolito (1628 - 1697),Fellow,29/04/1696
Forrest; John Samuel (1907 - 1992),Fellow,17/03/1966
Forshall; Josiah (1795 - 1863),Fellow,12/06/1828
Forster; Edward (1765 - 1849),Fellow,22/02/1821
Forster; Edward (1769 - 1828),Fellow,10/12/1801
Forster; George (1754 - 1794),Fellow,9/01/1777
Forster; Johann Reinhold (1729 - 1798),Fellow,27/02/1772
Forster; Nathaniel (1718 - 1757),Fellow,1/05/1755
Forster; Sir; Martin Onslow (1872 - 1945),Fellow,11/05/1905
Forster; Thomas (- 1785),Fellow,19/06/1766
Forster; Thomas (fl 1706 - 1727),Fellow,4/12/1706
Forster; William Edward (1818 - 1886),Fellow,8/04/1875
Forster-Cooper; Sir; Clive (1880 - 1947),Fellow,07/05/1936
Forsyth; Andrew Russell (1858 - 1942); Mathematician,Fellow,4/06/1886
Fortescue; Hugh (1783 - 1861); 2nd Earl Fortescue,Fellow,5/06/1817
Fortey; Richard Alan,Fellow,15/05/1997
Fortis; Alberto (1741 - 1803),Fellow,16/04/1795
Foscarini; Marco (1696 - 1763),Fellow,8/02/1759
Foster; Brian,Fellow,15/05/2008
Foster; George Carey (1835 - 1919); Physicist,Fellow,3/06/1869
Foster; Henry (1796 - 1831); Navigator,Fellow,6/05/1824
Foster; John (1740 - 1828); Baron Oriel,Fellow,20/02/1806
Foster; John Leslie (- 1842),Fellow,4/02/1819
Foster; John Stuart (1890 - 1964); Physicist,Fellow,16/05/1935
Foster; Russell Grant,Fellow,15/05/2008
Foster; Sir; Clement Le Neve (1841 - 1904),Fellow,2/06/1892
Foster; Sir; Michael (1836 - 1907); Physiologist,Fellow,6/06/1872
Fothergill; Anthony (? 1732 - 1813); Physician,Fellow,12/11/1778
Fothergill; John (1712 - 1780); Physician,Fellow,23/06/1763
Foucault; Jean Bernard Leon (1819 - 1868),Foreign Member,9/06/1864
Fouchy; Jean Paul Grandjean de (1707 - 1788),Fellow,18/12/1740
Fourier; Jean Baptiste Joseph (1768 - 1830),Foreign Member,11/12/1823
Fourmont; Etienne (1683 - 1745),Fellow,9/11/1738
Fourmont; Michel (1690 - 1746),Fellow,4/11/1742
Fournier; Gideon (- 1811),Fellow,15/05/1783
Fowden; Sir; Leslie (1928 - 2008),Fellow,19/03/1964
Fowler; Alan Bicksler,Foreign Member,10/05/2001
Fowler; Alfred (1868 - 1940),Fellow,05/05/1910
Fowler; David,Fellow,13/05/2002
Fowler; Patrick William,Fellow,19/04/2012
Fowler; Peter Howard (1923 - 1996),Fellow,19/03/1964
Fowler; Richard (1765 - 1863),Fellow,1/04/1802
Fowler; Sir; Ralph Howard (1889 - 1944),Fellow,07/05/1925
Fownes; George (1815 - 1849),Fellow,13/02/1845
Fox; Harold Munro (1889 - 1967); Zoologist,Fellow,06/05/1937
Fox; Henry Richard Vassall (1773 - 1840); 3rd Baron Holland,Fellow,19/12/1811
Fox; Robert Were (1789 - 1877); Inventor,Fellow,9/06/1848
Fox; Sir; John Jacob (1874 - 1944),Fellow,18/03/1943
Fox; Wilson (1831 - 1887); Physician,Fellow,6/06/1872
Foxon; Charles Thomas Bayley,Fellow,18/05/2006
Fozard; John William (1928 - 1996),Fellow,19/03/1987
Fraenkel; Ludwig Edward (1927 - 2019),Fellow,11/03/1993
Fraizer; Sir; Alexander (c 1610 - 1681),Fellow,8/07/1663
Francis I (1708 - 1765); Roman Emperor and Grand Duke of Tuscany,Fellow,18/11/1731
Franck- von-Franckenau; Georg (1644 - 1704),Fellow,30/11/1693
Franck; James (1768 - 1843),Fellow,12/07/1821
Franck; James (1882 - 1964),Foreign Member,23/04/1964
Frank; Sir; Frederick Charles (1911 - 1998),Fellow,18/03/1954
Frankel; Sir; Otto Herzberg (1900 - 1998),Fellow,19/03/1953
Frankland; Percy Faraday (1858 - 1946); Chemist,Fellow,4/06/1891
Frankland; Sir; Edward (1825 - 1899); Chemist,Fellow,2/06/1853
Frankland; Sir; Thomas (1750 - 1831),Fellow,10/06/1773
Frankland; Sir; Thomas (c 1683 - 1747),Fellow,12/03/1707
Frankland; William (- 1714),Fellow,12/03/1707
Franklin; Benjamin (1706 - 1790),Fellow,29/05/1756
Franklin; James (c 1783 - 1834),Fellow,2/02/1826
Franklin; Kenneth James (1897 - 1966),Fellow,17/03/1955
Franklin; Norman Laurence (1924 - 1986),Fellow,19/03/1981
Franklin; Sir; John (1786 - 1847),Fellow,20/02/1823
Franklin; Sir; William (c 1765 - 1833),Fellow,18/05/1820
Franks; Naphthali (c 1714 - 1796),Fellow,3/05/1764
Franks; Nicholas Peter,Fellow,19/05/2011
Franks; Sir; Augustus Wollaston (1826 - 1897),Fellow,4/06/1874
Franks; William (- 1790),Fellow,8/03/1781
Franks; William (1788 - 1860),Fellow,12/12/1811
Franzini-Armstrong; Clara,Foreign Member,10/05/2001
Fraser; Archibald Campbell (1736 - 1815),Fellow,8/01/1778
Fraser; Francis Charles (1903 - 1978),Fellow,17/03/1966
Fraser; Sir; Thomas Richard (1841 - 1920),Fellow,7/06/1877
Fraser; Sir; William (- 1818),Fellow,14/04/1791
Fray; Dereek John,Fellow,15/05/2008
Frazer; Ian Hector,Fellow,19/05/2011
Frazer; Robert Alexander (1891 - 1959),Fellow,21/03/1946
Frazer; Sir; Augustus Simon (1776 - 1835),Fellow,20/06/1816
Frazer; Sir; James George (1854 - 1941),Statute 12,24/06/1920
Frederick Augustus (1763 - 1827); Duke of York and Albany,Royal Fellow,26/01/1789
Frederick Augustus II (1797 - 1854); King of Saxony,Royal Fellow,13/06/1844
Frederick Louis (1707 - 1751); Prince of Wales,Royal Fellow,17/12/1728
Frederick William IV (1795 - 1861); King of Prussia,Royal Fellow,20/01/1842
Frederick; Sir; Charles (1709 - 1785),Fellow,24/05/1733
Freeman; Charles (- 1823),Fellow,15/06/1797
Freeman; Kenneth Charles,Fellow,14/05/1998
Freeman; Matthew John Aylmer,Fellow,18/05/2006
Freeman; Raymond,Fellow,15/03/1979
Freeman-Mitford; John (1748 - 1830); 1st Baron Redesdale,Fellow,6/03/1794
Freeth; Francis Arthur (1884 - 1970),Fellow,07/05/1925
Freind; John (1675 - 1728),Fellow,20/03/1712
Freire; Cypriano Ribeiro (1749 - 1814),Fellow,31/03/1791
Freke; John (1688 - 1756),Fellow,6/11/1729
Freman; William (- 1750),Fellow,27/03/1735
Fremont d'Ablancourt; Nicolas (1621 - 1696),Fellow,12/11/1684
Frenk; Carlos Silvestre (1951-),Fellow,27/05/2004
Frenkel; Daan,Foreign Member,18/05/2006
Frere; George Edward (1807 - 1887),Fellow,8/06/1837
Frere; John (1740 - 1807),Fellow,6/06/1771
Frere; Sir; Henry Bartle Edward (1815 - 1884),Fellow,03/05/1877
Freshfield; James William (c 1775 - 1864),Fellow,10/04/1834
Fresnel; Augustin Jean (1788 - 1827),Foreign Member,9/06/1825
Freud; Sigmund (1856 - 1939),Foreign Member,25/06/1936
Freudenberg; Karl Johann (1886 - 1983),Foreign Member,25/04/1963
Freundlich; Herbert Max Finlay (1880 - 1941),Foreign Member,11/05/1939
Frey-Wyssling; Albert (1900 - 1988),Foreign Member,09/05/1957
Friedel; Jacques (1921 - 2014),Foreign Member,30/06/1988
Friedlander; Frederick Gerard (1917 - 2001),Fellow,20/03/1980
Friedman; Jeffrey M,Foreign Member,09/05/2018
Friend; Mathew Curling (- 1871),Fellow,16/03/1820
Friend; Sir; Richard Henry,Fellow,11/03/1993
Fries; Elias Magnus (1794 - 1878),Foreign Member,8/04/1875
Frisch; Karl von (1886 - 1982),Foreign Member,29/04/1954
Frisch; Otto Robert (1904 - 1979),Fellow,18/03/1948
Frisi; Paolo (1728 - 1784),Fellow,9/06/1757
Friston; Karl John,Fellow,18/05/2006
Frith; Christopher Donald,Fellow,11/05/2000
Frith; Uta (1941 -),Fellow,26/05/2005
Fritsch; Felix Eugen (1879 - 1954),Fellow,05/05/1932
Frobenius; Joannes Sigismundus Augustus (fl 1730 - 1740),Fellow,5/02/1730
Frodsham; William James (1778 - 1850),Fellow,10/01/1839
Frohlich; Albrecht (1916 - 2001),Fellow,18/03/1976
Frohlich; Herbert (1905 - 1991),Fellow,15/03/1951
Frost; Percival (1817 - 1898),Fellow,7/06/1883
Froude; Robert Edmund (1846 - 1924),Fellow,7/06/1894
Froude; William (1810 - 1879),Fellow,2/06/1870
Fry; Sir; Edward (1827 - 1918),Fellow,13/12/1883
Fryer; Geoffrey,Fellow,16/03/1972
Fryer; John (1650 - 1733),Fellow,23/03/1698
Fryer; Sir; John Claud Fortescue (1886 - 1948),Fellow,18/03/1948
Fuchs; Elaine,Foreign Member,28/03/2019
Fuchs; Sir; Vivian Ernest (1908 - 1999),Statute 12,23/05/1974
Fukui; Kenichi (1918 - 1998),Foreign Member,29/06/1989
Fullarton; William (1754 - 1808),Fellow,17/06/1779
Fuller; John (- 1745),Fellow,30/11/1704
Fuller; John (1706 - 1755),Fellow,9/03/1727
Fuller; Rose (- 1777),Fellow,20/04/1732
Fullerton; William (- 1737),Fellow,22/06/1732
Fung; Inez Y,Foreign Member,28/03/2019
Furber; Stephen Byram,Fellow,13/05/2002
Fyfe; William Sefton (1927 - 2013),Fellow,20/03/1969
Gabathuler; Erwin (1933 - 2016),Fellow,15/03/1990
Gabor; Dennis (1900 - 1979),Fellow,15/03/1956
Gabry; Peter (- 1770),Fellow,15/03/1753
Gaddum; Sir; John Henry (1900 - 1965); Physiologist,Fellow,22/03/1945
Gadow; Hans Friedrich (1855 - 1928),Fellow,2/06/1892
Gadsby; David Christopher (1947 - 2019),Fellow,26/05/2005
Gaertner; Joseph (1732 - 1791),Fellow,12/11/1761
Gage; Thomas (- 1754); 1st Viscount Gage,Fellow,19/12/1728
Gai; Pratibha Laxman,Fellow,28/04/2016
Gairdner; Sir; William Tennant (1824 - 1907),Fellow,1/06/1893
Gale; Ernest Frederick (1914 - 2005),Fellow,19/03/1953
Gale; Michael Denis (1943 - 2009),Fellow,14/03/1996
Gale; Roger (1672 - 1744),Fellow,28/03/1717
Gale; Thomas (? 1636 - 1702),Fellow,6/12/1677
Galiani; Celestino (1681 - 1753),Fellow,23/01/1735
Galione; Antony,Fellow,28/04/2016
Galitzin; Demetrius (1728 - 1803); Prince,Fellow,19/04/1798
Gallean; Charles Hyacinth Antoine (1737 -),Fellow,10/11/1763
Gallitzin; Demetrius (1738 - 1803),Fellow,19/04/1798
Galloway; Thomas (1796 - 1851); Mathematician,Fellow,18/12/1834
Gallucci (fl 1706),Fellow,20/11/1706
Galton; Samuel (1753 - 1832),Fellow,8/12/1785
Galton; Sir; Douglas Strutt (? 1822 - 1899),Fellow,9/06/1859
"Galton; Sir; Francis (1822 - 1911); Statistician, Eugenicist, Polymath",Fellow,7/06/1860
Galvao; Antonio (fl 1725 - 1730),Fellow,15/04/1725
Gambier; James (- 1745),Fellow,23/03/1735
Gamble; Frederick William (1869 - 1926),Fellow,02/05/1907
Gamble; James Sykes (1847 - 1925),Fellow,1/06/1899
Gamblin; Steven J,Fellow,19/05/2011
Gambling; William Alexander,Fellow,17/03/1983
Gamgee; Arthur (1841 - 1909),Fellow,6/06/1872
Ganellin; Charon Robin,Fellow,20/03/1986
Garangeot; Rene Jacques Croissant de (1688 - 1759),Fellow,9/01/1729
Garcia-Bellido; Antonio,Foreign Member,26/06/1986
Garcin; Laurent (1683 - 1751),Fellow,22/10/1730
Garden; Alexander (1730 - 1791); Botanist,Fellow,10/06/1773
Gardiner; John Stanley (1872 - 1946),Fellow,07/05/1908
Gardiner; Samuel John (? 1792 - ? 1854),Fellow,4/04/1816
Gardiner; Walter (1859 - 1941),Fellow,5/06/1890
Gardner; Sir; Richard Lavenham,Fellow,15/03/1979
Garner; Christopher David,Fellow,15/05/1997
Garner; William Edward (1889 - 1960),Fellow,06/05/1937
Garnham; Percy Cyril Claude (1901 - 1994),Fellow,19/03/1964
Garrett; Christopher John Raymond,Fellow,11/03/1993
Garrett; Stephen Denis (1906 - 1989),Fellow,16/03/1967
Garrod; Alfred Henry (1846 - 1879),Fellow,1/06/1876
Garrod; Sir; Alfred Baring (1819 - 1907),Fellow,3/06/1858
Garrod; Sir; Archibald Edward (1857 - 1936),Fellow,05/05/1910
Garrow; Sir; William (1760 - 1840),Fellow,5/03/1807
Garth; Sir; Samuel (1661 - 1719),Fellow,5/06/1706
Garthshore; Maxwell (1732 - 1812),Fellow,23/03/1775
Garth-Turnour; Edward (1734 - 1788); 1st Earl Winterton,Fellow,2/04/1767
Garton; George Alan,Fellow,16/03/1978
Garton; William Reginald Stephen (1912 - 2002),Fellow,20/03/1969
Garwood; Edmund Johnston (1864 - 1949),Fellow,07/05/1914
Gascoigne; Sir; Bernard (1614 - 1687),Fellow,20/06/1667
Gascoyne-Cecil; Robert Arthur James (1893 - 1972); 5th Marquess of Salisbury,Statute 12,30/05/1957
Gascoyne-Cecil; Robert Arthur Talbot (1830 - 1903); 3rd Marquess of Salisbury,Fellow,28/01/1869
Gaskell; Walter Holbrook (1847 - 1914),Fellow,8/06/1882
Gaskin; Thomas (1809 - 1887),Fellow,21/03/1839
Gass; Ian Graham (1926 - 1992),Fellow,17/03/1983
Gasser; Herbert Spencer (1888 - 1963),Foreign Member,09/05/1946
Gassick; John Le (- 1674),Fellow,11/12/1673
Gassiot; John Peter (1797 - 1877),Fellow,9/04/1840
Gaster; Michael,Fellow,21/03/1985
Gates; Reginald Ruggles (1882 - 1962),Fellow,07/05/1931
Gates; Sidney Barrington (1893 - 1973),Fellow,16/03/1950
Gaubius; Hieronymous David (1705 - 1780),Fellow,23/02/1764
Gauden; John (c 1605 - 1662),Original Fellow,4/12/1661
Gaudry; Jean Albert (1827 - 1908),Foreign Member,12/12/1895
Gauss; Karl Friedrich (1777 - 1855),Fellow,12/04/1804
Gay; Nicholas (- 1803),Fellow,15/11/1798
Gay; Robert (- 1738),Fellow,6/11/1718
Gaydon; Alfred Gordon (1911 - 2004); Spectroscopist,Fellow,19/03/1953
Gay-Lussac; Joseph Louis (1778 - 1850),Foreign Member,6/04/1815
Gaze; Raymond Michael (1927 - 2012),Fellow,16/03/1972
Geach; Francis (1724 - 1798),Fellow,7/05/1767
Gee; Geoffrey (1910 - 1996),Fellow,15/03/1951
Gee; Orlando (fl 1717 - 1723),Fellow,30/11/1717
Geekie; Alexander (- 1727),Fellow,30/11/1710
Geer; Gerard Jakob De (1858 - 1943),Foreign Member,26/06/1930
Gegenbaur; Carl (1826 - 1903),Foreign Member,31/01/1884
Gehring; Walter Jakob (1939 - 2014),Foreign Member,15/05/1997
Geikie; James Murdoch (1839 - 1915),Fellow,3/06/1875
Geikie; Sir; Archibald (1835 - 1924),Fellow,1/06/1865
Geim; Andre Konstantin,Fellow,17/05/2007
Gelfand; Izrael Moiseivich,Foreign Member,21/04/1977
Gell; Philip George Houthem (1914 - 2001),Fellow,20/03/1969
Gell; Sir; William (1777 - 1836),Fellow,16/04/1807
Gell-Mann; Murray (1929 - 2019),Foreign Member,20/04/1978
Gemmill; James Fairlie (1867 - 1926),Fellow,15/05/1924
Gendre; Adrien Marie Le (1752 - 1833),Fellow,30/04/1789
Genevois; Jean Alexandre (fl 1761),Fellow,19/02/1761
Gennes; Pierre-Gilles de (1932 - 2007),Foreign Member,28/06/1984
Genzel; Reinhard,Foreign Member,19/04/2012
Geoffroy; Claude Joseph (1685 - 1752),Fellow,9/06/1715
Geoffroy; Etienne Francois (1672 - 1731),Fellow,6/07/1698
George (1653 - 1708); Prince of Denmark,Royal Fellow,30/11/1704
George I (1660 - 1727); King of Great Britain and Ireland,Patron,9/05/1727
George II (1683 - 1760); King of Great Britain and Ireland,Royal Fellow; Patron,15/05/1727
George III (1738 - 1820); King of Great Britain and Ireland,Patron,17/11/1760
George IV (1762 - 1830); King of Great Britain and Ireland,Royal Fellow; Patron,26/01/1789
George V (1865 - 1936); King of Great Britain and Ireland,Royal Fellow; Patron,8/06/1893
George VI (1895 - 1952); King of Great Britain and Ireland,Royal Fellow; Patron,16/06/1932
George; Thomas Neville (1904 - 1980),Fellow,21/03/1963
Georges; John (fl 1719 - 1738),Fellow,30/11/1719
Gerdes; Henry Walther (1690 - 1742),Fellow,12/05/1726
Gersten; Christian Ludwig (1701 - 1762),Fellow,25/10/1733
Ghahramani; Zoubin,Fellow,30/04/2015
Giacomelli; Michel Agnola (1695 - 1774),Fellow,6/11/1740
Gianotti; Fabiola,Foreign Member,09/05/2018
Gibb; Sir; Alexander (1872 - 1958),Fellow,07/05/1936
Gibb; Sir; Claude Dixon (1898 - 1959),Fellow,21/03/1946
Gibbes; Sir; George Smith (1771 - 1851),Fellow,18/02/1796
Gibbon; Edward (1737 - 1794),Fellow,27/11/1788
Gibbons; Gary William,Fellow,13/05/1999
Gibbons; Ian Read,Fellow,17/03/1983
Gibbs; James (1682 - 1754),Fellow,16/10/1729
Gibbs; Josiah Willard (1839 - 1903),Foreign Member,4/03/1897
Gibson; Alan Frank (1923 - 1988),Fellow,16/03/1978
Gibson; Charles Stanley (1884 - 1950),Fellow,07/05/1931
Gibson; Frank William Ernest (1923 - 2008),Fellow,18/03/1976
Gibson; Quentin Howieson (1918 - 2011),Fellow,20/03/1969
Gibson; Vernon Charles (1958-),Fellow,27/05/2004
Gibson; Walcot (1864 - 1941),Fellow,07/05/1925
Giffard; Hardinge Stanley (1823 - 1921); 1st Earl of Halsbury,Fellow,13/01/1887
Giffard; John Anthony Hardinge (1908 - 2000); 3rd Earl of Halsbury,Fellow,20/03/1969
Giffen; Sir; Robert (1837 - 1910),Fellow,2/06/1892
Gilbart; James William (1794 - 1863),Fellow,18/06/1846
Gilbert; Davies (1767-1839),Fellow,17/11/1791
Gilbert; Geoffrey Alan (1917 - 2005),Fellow,15/03/1973
Gilbert; Grove Karl (1843 - 1918),Foreign Member,28/02/1918
Gilbert; Harry John,Fellow,28/04/2016
Gilbert; John Davies (1811 - 1854),Fellow,10/04/1834
Gilbert; Sir; Jeffrey (1674 - 1726),Fellow,12/05/1726
Gilbert; Sir; Joseph Henry (1817 - 1901),Fellow,7/06/1860
Gilbert; Walter,Foreign Member,25/06/1987
Gilchrist; Percy Carlyle (1851 - 1935),Fellow,4/06/1891
Gilkes; Moreton (- 1750),Fellow,24/04/1735
Gill; Adrian Edmund (1937 - 1986),Fellow,20/03/1986
Gill; Patrick,Fellow,28/04/2016
Gill; Sir; David (1843 - 1914); Astronomer,Fellow,7/06/1883
Gill; Westby (1679 - 1746),Fellow,7/02/1740
Gillan; Hugh (- 1798),Fellow,12/02/1795
Gillespie; Ronald James,Fellow,17/03/1977
Gillies; John (1747 - 1836),Fellow,29/01/1789
Gillon; John (c 1748 - 1809),Fellow,23/03/1809
Gilman; Henry (1893 - 1986),Foreign Member,24/04/1975
Gilmore; Gerard F,Fellow,02/05/2013
Gimzewski; James Kazimierz,Fellow,14/05/2009
Ginzburg; Vitaly Lazarevich (1916 - 2009),Foreign Member,25/06/1987
Girardin; Jean Patrice Piers de (fl 1732),Fellow,27/04/1732
Girle; John (- 1761),Fellow,7/02/1754
Gisborne; Thomas (- 1806),Fellow,16/11/1758
Giuntini; Hieronymus (- 1744),Fellow,27/05/1731
Gladden; Lynn Faith,Fellow,27/05/2004
Gladstone; John Hall (1827 - 1902); Chemist,Fellow,2/06/1853
"Gladstone; William Ewart (1809 - 1898); MP, Prime Minister",Fellow,13/01/1881
Glaisher; James (1809 - 1903),Fellow,7/06/1849
Glaisher; James Whitbread Lee (1848 - 1928),Fellow,3/06/1875
Glanvill; Joseph (1636 - 1680),Fellow,14/12/1664
Glanville; Sir; William Henry (1900 - 1976),Fellow,20/03/1958
Glass; David Victor (1911 - 1978),Fellow,18/03/1971
Glasse; Samuel (1735 - 1812),Fellow,5/07/1764
Glauber; Roy Jay,Foreign Member,15/05/1997
Glauert; Hermann (1892 - 1934),Fellow,07/05/1931
Glazebrook; Sir; Richard Tetley (1854 - 1935),Fellow,8/06/1882
Glenie; James (1750 - 1817),Fellow,18/03/1779
Glenny; Alexander Thomas (1882 - 1965),Fellow,16/03/1944
Glisson; Francis (1597 - 1677),Original Fellow,6/03/1661
Glover; (Lesley) Anne,Fellow,28/04/2016
Glover; David Moore,Fellow,14/05/2009
Glover; Edward William Nigel,Fellow,02/05/2013
Glover; George (1778 - 1862),Fellow,9/06/1832
Glover; Keith,Fellow,11/03/1993
Glover; Philips (1697 - 1745),Fellow,2/05/1723
Gluckman; Peter David,Fellow,10/05/2001
Glueckauf; Eugen (1906 - 1981),Fellow,20/03/1969
Gluecksohn-Waelsch; Salome (1907 - 2007),Foreign Member,09/03/1995
Glynn; Ian Michael,Fellow,19/03/1970
Glynn; Joseph (1799 - 1863),Fellow,8/02/1838
Gmelin; Philip Friedrich (1721 - 1768),Fellow,16/02/1758
Goddard; Jonathan (c 1617 - 1675),Founder Fellow,28/11/1660
Goddard; Michael Edward,Fellow,30/04/2015
Goddard; Peter; Theoretical Physicist,Fellow,16/03/1989
Godel; Kurt (1906 - 1978),Foreign Member,25/04/1968
Godfray; Hugh Charles Jonathan,Fellow,10/05/2001
Godfrey; John (fl 1715),Fellow,10/11/1715
Godfrey-Hanckewitz; Ambrose (1660 - 1741),Fellow,22/01/1730
Godin; Louis (1704 - 1760),Fellow,27/03/1735
Godman; Frederick Du Cane (1834 - 1919),Fellow,8/06/1882
Godolphin; Sir; William (? 1635 - 1696),Fellow,2/11/1664
Godschall; William Man (c 1719 - 1802),Fellow,16/02/1758
Godwin; George (1815 - 1888),Fellow,7/03/1839
Godwin; Sir; Harry (1901 - 1985),Fellow,22/03/1945
Godwin-Austen; Henry Haversham (1834 - 1923),Fellow,3/06/1880
Godwin-Austen; Robert Alfred Cloyne (1808 - 1884),Fellow,07/06/1849
Goebel; Karl Immanuel Eberhard Ritter von (1855 - 1932),Foreign Member,29/04/1926
Goedert; Michel,Fellow,11/05/2000
Gold; Ernest (1881 - 1976),Fellow,02/05/1918
Gold; Thomas (1920 - 2004),Fellow,19/03/1964
Gold; Victor (1922 - 1985),Fellow,16/03/1972
Goldie; Sir; George Dashwood Taubman (1846 - 1925),Fellow,15/05/1902
Goldingham; John (c 1766 - 1849),Fellow,26/05/1808
Goldreich; Peter Martin,Foreign Member,27/05/2004
Goldsbrough; George Ridsdale (1881 - 1963),Fellow,02/05/1929
Goldschmidt; Victor Moritz (1888 - 1947),Foreign Member,20/05/1943
Goldsmid; Sir; Isaac Lyon (1778 - 1859),Fellow,13/03/1828
Goldstein; Joseph L,Foreign Member,20/06/1991
Goldstein; Raymond E,Fellow,02/05/2013
Goldstein; Sydney (1903 - 1989),Fellow,06/05/1937
Goldstone; Jeffrey,Fellow,17/03/1977
Golitsyn; Boris Borisovich (1862 - 1916),Foreign Member,23/03/1916
Gomildon; William (- c 1691),Fellow,11/11/1663
Gompertz; Benjamin (1779 - 1865),Fellow,28/01/1819
Good; John Mason (1764 - 1827),Fellow,31/03/1808
Goodale; Melvyn,Fellow,02/05/2013
Goodby; John William,Fellow,19/05/2011
Goodchild; Michael Frank,Foreign Member,20/05/2010
Goodenough; Edmund (1785 - 1845),Fellow,1/04/1824
Goodenough; George Trenchard (1743 -),Fellow,6/12/1787
Goodenough; John Bannister (1922-),Foreign Member,20/05/2010
Goodenough; Samuel (1743 - 1827); Bishop of Carlisle,Fellow,14/05/1789
Goodeve; Sir; Charles Frederick (1904 - 1980),Fellow,14/03/1940
Goodey; Tom (1885 - 1953),Fellow,20/03/1947
Goodfellow; Peter Neville,Fellow,12/03/1992
Goodnow; Christopher Carl,Fellow,14/05/2009
Goodrich; Edwin Stephen (1868 - 1946),Fellow,11/05/1905
Goodricke; John (1764 - 1786),Fellow,6/04/1786
Goodsir; John (1814 - 1867),Fellow,11/06/1846
Goodwin; Graham Clifford,Fellow,13/05/2002
Goodwin; Leonard George (1915 - 2008),Fellow,18/03/1976
Goodwin; Trevor Walworth (1916 - 2008),Fellow,21/03/1968
Goodwyn (fl 1681),Fellow,27/04/1681
Goody; Roger Sidney,Fellow,09/05/2018
Gopalan; Coluthur (1918 - 2019),Fellow,19/03/1987
Gordon; Alexander (1743 - 1827); 4th Duke of Gordon,Fellow,24/06/1784
Gordon; George Hamilton (1784 - 1860); 4th Earl of Aberdeen,Fellow,28/04/1808
Gordon; James Alexander (1793 - 1872); Physician,Fellow,2/04/1835
Gordon; Mervyn Henry (1872 - 1953); Pathologist,Fellow,15/05/1924
Gordon; Michael John Caldwell (1948 - 2017),Fellow,10/03/1994
Gordon; Patrick (- 1702),Fellow,30/11/1694
Gordon; Siamon,Fellow,17/05/2007
Gordon; Sir; Henry Percy (1806 - 1876),Fellow,9/12/1830
Gordon; Sir; James Willoughby (1773 - 1851),Fellow,11/06/1801
Gordon; Sir; Robert (1647 - 1704),Fellow,3/02/1686
Gordon; Thomas (1788 - 1841),Fellow,8/02/1821
Gordon-Lennox; Charles (1791 - 1860); 5th Duke of Richmond,Fellow,2/04/1840
Gore; George (1826 - 1908),Fellow,1/06/1865
Gorer; Peter Alfred (1907 - 1961),Fellow,24/03/1960
Gori; Antonio Francesco (1691 - 1757),Fellow,4/05/1738
Gorst; Sir; John Eldon (1835 - 1916),Fellow,17/12/1896
Gorter; David de (1717 - 1783),Fellow,21/02/1760
Goschen; George Joachim (1831 - 1907); 1st Viscount Goschen,Fellow,18/01/1872
Gosse; Philip Henry (1810 - 1888),Fellow,5/06/1856
Gosset; Isaac (? 1735 - 1812),Fellow,18/06/1772
Gostling; George (c 1745 - 1821),Fellow,12/12/1793
Gotch; Francis (1853 - 1913),Fellow,2/06/1892
Gottlob; Georg,Fellow,20/05/2010
Gough; Douglas Owen,Fellow,15/05/1997
Gough; Herbert John (1890 - 1965),Fellow,11/05/1933
Gough; Richard (1735 - 1809),Fellow,9/03/1775
Goulburn; Henry (1784 - 1856),Fellow,27/04/1820
Gould; Benjamin Apthorp (1824 - 1896),Foreign Member,26/11/1891
Gould; John (1804 - 1881),Fellow,19/01/1843
Gould; William (c 1652 - ? 1686),Fellow,2/05/1683
Gould; William (c 1719 - 1799),Fellow,12/05/1774
Gouldsmyth; Jonathan (1694 - 1732),Fellow,15/01/1730
Gouverneur; Vronique,Fellow,28/03/2019
Gow; Neil Andrew,Fellow,28/04/2016
Gowans; Sir; James Learmonth,Fellow,21/03/1963
Gowers; Sir; William Richard (1845 - 1915),Fellow,9/06/1887
Gowers; William Timothy,Fellow,13/05/1999
Gowing; Margaret Mary (1921 - 1998),Statute 12,30/06/1988
Gowland; William (1842 - 1922),Fellow,07/05/1908
Graaff-Hunter; James de (1881 - 1967),Fellow,16/05/1935
Grace; John Hilton (1873 - 1958),Fellow,07/05/1908
Grace; Michael Anthony (1920 - 1988),Fellow,16/03/1967
Graeme; William (c 1700 - 1745),Fellow,30/04/1730
Graeme; William (fl 1766),Fellow,13/03/1766
Grafen; Alan,Fellow,19/05/2011
Graham; Aaron (fl 1785),Fellow,17/03/1785
Graham; Alastair (1906 - 2000),Fellow,15/03/1979
Graham; Christopher Forbes,Fellow,19/03/1981
Graham; George (1673 - 1751),Fellow,9/03/1721
Graham; Ian Alexander,Fellow,28/04/2016
Graham; James (c 1680 - 1742); 1st Duke of Montrose,Fellow,28/05/1707
Graham; Richard (1693 - 1749),Fellow,17/11/1726
Graham; Sir; James Robert George (1792 - 1861),Fellow,22/12/1831
Graham; Thomas (1805 - 1869); Chemist,Fellow,15/12/1836
Graham-Smith; George Stuart (1875 - 1950),Fellow,15/05/1919
Graham-Smith; Sir; Francis,Fellow,19/03/1970
Grainger; Richard Dugard (1801 - 1865),Fellow,22/01/1846
Grandi; Guido (1671 - 1742),Fellow,4/05/1709
Grandi; Jacobus (1646 - 1691),Fellow,1/12/1690
Granit; Ragnar Arthur (1900 - 1991),Foreign Member,28/04/1960
Grant; Barbara Rosemary,Fellow,17/05/2007
Grant; Charles (1778 - 1866); Baron Glenelg,Fellow,27/03/1828
Grant; Ian Philip,Fellow,12/03/1992
Grant; James Augustus (1827 - 1892),Fellow,12/06/1873
Grant; John (fl 1779),Fellow,11/11/1779
Grant; Lewis Alexander (fl 1791),Fellow,10/03/1791
Grant; Peter Raymond,Fellow,19/03/1987
Grant; Robert (1814 - 1892),Fellow,1/06/1865
Grant; Robert Edmond (1793 - 1874),Fellow,4/02/1836
Grant; Ronald Thomson (1892 - 1989),Fellow,03/05/1934
Grant; Sir; Thomas Tassell (1795 - 1859),Fellow,21/05/1840
Granville; Augustus Bozzi (1783 - 1872),Fellow,20/11/1817
Graunt; John (1620 - 1674),Fellow,26/02/1662
Gravatt; William (1806 - 1866),Fellow,2/02/1832
Graves; Charles (1812 - 1899),Fellow,3/06/1880
Graves; John Thomas (1806 - 1870),Fellow,18/04/1839
Graves; Robert James (? 1797 - 1853),Fellow,6/06/1850
Gravesande; Willem Jakob 's (1688 - 1742),Fellow,9/06/1715
Gray; Andrew (1847 - 1925),Fellow,4/06/1896
Gray; Asa (1810 - 1888),Foreign Member,27/11/1873
Gray; Charles (1696 - 1782),Fellow,13/06/1754
Gray; Edward George (1924 - 1999),Fellow,18/03/1976
Gray; Edward Whitaker (1748 - 1806),Fellow,11/02/1779
Gray; Francis (1765 - 1842); 14th Baron Gray,Fellow,15/02/1816
Gray; George Robert (1808 - 1872),Fellow,1/06/1865
Gray; George William (1926 - 2013),Fellow,17/03/1983
Gray; Harry Barkus,Foreign Member,11/05/2000
Gray; Henry (c 1827 - ? 1861),Fellow,3/06/1852
Gray; John (- 1769),Fellow,16/03/1732
Gray; John Edward (1800 - 1875),Fellow,2/02/1832
Gray; Joseph Alexander (1884 - 1966),Fellow,05/05/1932
Gray; Louis Harold (1905 - 1965),Fellow,16/03/1961
Gray; Peter (1926 - 2012),Fellow,17/03/1977
Gray; Robert (fl 1728 - 1731),Fellow,2/05/1728
Gray; Sir; James (1891 - 1975),Fellow,02/05/1929
Gray; Sir; John Archibald Browne,Fellow,16/03/1972
Gray; Stephen (? 1666 - 1736),Fellow,25/01/1733
Greatheed; Richard Wilson (fl 1793),Fellow,21/11/1793
Greatorex; Thomas (1758 - 1831),Fellow,11/03/1819
Greaves; Melvyn Francis,Fellow,15/05/2003
Greaves; William Michael Herbert (1897 - 1955),Fellow,18/03/1943
Green; Albert Edward (1912 - 1999),Fellow,20/03/1958
Green; Alexander Henry (1832 - 1896),Fellow,4/06/1886
Green; Arthur George (1865 - 1941),Fellow,06/05/1915
Green; Ben; Professor,Fellow,20/05/2010
Green; David Headley,Fellow,14/03/1991
Green; James Alexander (1926 - 2014),Fellow,19/03/1987
Green; Joseph Henry (1791 - 1863),Fellow,24/02/1825
Green; Joseph Reynolds (1848 - 1914),Fellow,13/06/1895
Green; Malcolm Leslie Hodder,Fellow,21/03/1985
Green; Martin Andrew,Fellow,02/05/2013
Green; Michael Boris,Fellow,16/03/1989
Green; Norman Michael (1926 - 2019),Fellow,19/03/1981
Green; Peter James,Fellow,15/05/2003
Green; Richard (1708 - 1786),Fellow,31/05/1753
Green; Sir; William (1725 - 1811),Fellow,29/04/1790
Greene; Thomas (- 1745),Fellow,30/11/1711
Greene; Thomas (1737 - 1810),Fellow,22/03/1798
Greene; William (- 1737),Fellow,6/11/1729
Greenhill; Sir; Alfred George (1847 - 1927),Fellow,7/06/1888
Greenhow; Edward Headlam (1814 - 1888),Fellow,2/06/1870
Greenland; Dennis James (1930 - 2012),Fellow,10/03/1994
Greenough; George Bellas (1778 - 1855),Fellow,5/03/1807
Greenwell; William (1820 - 1918),Fellow,6/06/1878
Greenwood; Brian Mellor,Fellow,14/05/1998
Greenwood; Duncan Joseph (1932 - 2010),Fellow,21/03/1985
Greenwood; Geoffrey Wilson,Fellow,12/03/1992
Greenwood; Major (1880 - 1949),Fellow,10/05/1928
Greenwood; Norman Neill (1925 - 2012),Fellow,19/03/1987
Greenwood; Peter Humphry (1927 - 1995),Fellow,21/03/1985
Greg; John (- 1795),Fellow,9/07/1772
Gregg; Henry (fl 1798),Fellow,6/12/1798
Gregorie; James (1638 - 1675),Fellow,11/06/1668
Gregory; David (? 1661 - 1708); Astronomer,Fellow,30/11/1692
Gregory; Frederick Gugenheim (1893 - 1961); Plant Physiologist,Fellow,14/03/1940
Gregory; John (1724 - 1773); Physician,Fellow,4/11/1756
Gregory; John Walter (1864 - 1932),Fellow,06/06/1901
Gregory; Jonathan Michael,Fellow,04/05/2017
Gregory; Philip Herries (1907 - 1986),Fellow,15/03/1962
Gregory; Richard (- 1839),Fellow,24/11/1803
Gregory; Richard Langton,Fellow,12/03/1992
Gregory; Roderic Alfred (1913 - 1990),Fellow,18/03/1965
Gregory; Sir; Richard Arman (1864 - 1952),Statute 12,22/06/1933
Gregory; Sir; William Henry (1817 - 1892); Politician,Fellow,14/02/1878
Greig; Samuel (1735 - 1788),Fellow,14/03/1782
Greig; Woronzow (c 1805 - 1865),Fellow,7/02/1833
Greive; James (- 1773),Fellow,23/02/1769
Grenfell; Bryan Thomas,Fellow,27/05/2004
Grenville; William Wyndham (1759 - 1834); 1st Baron Grenville,Fellow,23/04/1818
Gresham; Sir; Charles (1660 - 1718),Fellow,30/11/1688
Gresley; Thomas (- 1785),Fellow,22/04/1784
Greswell; Richard (1800 - 1881),Fellow,10/06/1830
Greville; Charles Francis (1749 - 1809),Fellow,13/02/1772
Greville; George (1746 - 1816); 2nd Earl Brooke of Warwick Castle and Earl of Warwick,Fellow,17/12/1767
Greville; Robert Fulke (1751 - 1824),Fellow,3/04/1794
Grew; Nehemiah (1641 - 1712); Plant Physiologist,Fellow,2/11/1671
Grey Egerton; Sir; Philip de Malpas (1806 - 1881),Fellow,10/02/1831
Grey; Claire Philomena,Fellow,19/05/2011
Grey; Edward (1862 - 1933); Viscount Grey of Fallodon,Statute 12,26/11/1914
Grey; Sir; Thomas (- 1846),Fellow,16/02/1815
Grey; Thomas (1654 - 1720); 2nd Earl of Stamford,Fellow,12/05/1708
Grey; Thomas De (1748 - 1818); 2nd Baron Walsingham,Fellow,5/03/1778
Grey; Thomas de (1843 - 1919); 6th Baron Walsingham,Fellow,9/06/1887
Grey; Thomas Philip De (1781 - 1859); 2nd Earl De Grey,Fellow,29/04/1841
Grierson; Donald,Fellow,11/05/2000
Griess; John Peter (1829 - 1888),Fellow,4/06/1868
Grieve; John (fl 1794),Fellow,22/05/1794
Griffith; Alan Arnold (1893 - 1963),Fellow,20/03/1941
Griffith; Edward (1790 - 1858),Fellow,10/04/1834
Griffiths; Ernest Howard (1851 - 1932),Fellow,13/06/1895
Griffiths; Ezer (1888 - 1962),Fellow,06/05/1926
Griffiths; Gillian Margaret,Fellow,02/05/2013
Griffiths; John (fl 1806),Fellow,1/05/1806
Griffiths; Robert Charles,Fellow,20/05/2010
Grigg; Ronald Ernest,Fellow,13/05/1999
Grimani; Pietro (1677 - 1752),Fellow,23/10/1712
Grime; John Philip,Fellow,14/05/1998
Grimes; Robin William,Fellow,09/05/2018
Grimmett; Geoffrey Richard; Professor,Fellow,01/05/2014
Grimston; James Bucknall (1747 - 1808); 3rd Viscount Grimston and Baron Dunboyne,Fellow,2/02/1786
Grindall; Richard (1716 - 1797),Fellow,6/04/1758
Grindley; Nigel David Forster (1945 -),Fellow,18/05/2006
Grinfield; Steddy (- 1808),Fellow,2/04/1767
Grive; Jean de la (1689 - 1757),Fellow,24/01/1734
Gromov; Mikhail Leonidovich,Foreign Member,19/05/2011
Gronovius; Laurence Theodore (1730 - ? 1778),Fellow,10/03/1763
Groom; Percy (1865 - 1931),Fellow,15/05/1924
Groombridge; Stephen (1755 - 1832),Fellow,27/02/1812
Gros Clark; Frederick le (1811 - 1892),Fellow,6/06/1872
Gros Clark; Sir; Wilfrid Edward le (1895 - 1971),Fellow,16/05/1935
Grosley; Pierre Jean (1718 - 1785),Fellow,20/02/1766
Gross; Mark,Fellow,04/05/2017
Grosveld; Franklin Gerardus,Fellow,14/03/1991
Grosvenor; Richard (1731 - 1802); 1st Earl Grosvenor,Fellow,13/02/1777
Grote; George (1794 - 1871),Fellow,11/06/1857
Groth; Paul Heinrich Ritter von (1843 - 1927),Foreign Member,09/11/1911
Grove; Sir; William Robert (1811 - 1896),Fellow,26/11/1840
Grove-Hills; Edmond Herbert (1864 - 1922),Fellow,04/05/1911
Grover; John (c 1796 - 1847),Fellow,22/04/1830
Groves; Charles Edward (1841 - 1920),Fellow,7/06/1883
Grubb; Sir; Howard (1844 - 1931),Fellow,7/06/1883
Grubb; Thomas (1800 - 1878),Fellow,2/06/1864
Grubbs; Robert Howard,Foreign Member,04/05/2017
Gruneberg; Hans (1907 - 1982),Fellow,15/03/1956
Guasco; Octavien de (1712 - 1781),Fellow,1/11/1750
Gubbins; David,Fellow,14/03/1996
Guest; Edwin (1800 - 1880),Fellow,20/06/1839
Guest; John Rodney,Fellow,20/03/1986
Guest; Sir; Josiah John (1785 - 1852),Fellow,10/06/1830
Guggenheim; Edward Armand (1901 - 1970),Fellow,21/03/1946
Guglielmini; Domenico (1655 - 1710),Fellow,23/03/1698
Guignes; Joseph de (1721 - 1800),Fellow,20/02/1752
Guillemard; John Lewis (1764 - 1844),Fellow,16/01/1806
Guillery; Rainer Walter,Fellow,17/03/1983
Guinness; Edward Cecil (1847 - 1927); 1st Earl of Iveagh,Statute 12,01/11/1906
Guinness; Rupert Edward Cecil Lee (1874 - 1967); 2nd Earl of Iveagh,Statute 12,21/05/1964
Guiscard; Antoine de (1658 - 1711); Marquis of Guiscard,Fellow,5/06/1706
Guise; John (- 1765),Fellow,30/11/1716
Gull; Keith,Fellow,15/05/2003
Gull; Sir; William Withey (1816 - 1890),Fellow,3/06/1869
Gulland; John Alan (1926 - 1990),Fellow,15/03/1984
Gulland; John Masson (1898 - 1947),Fellow,22/03/1945
Gulliver; George (1804 - 1882),Fellow,7/03/1839
Gunn; Ronald Campbell (1808 - 1881),Fellow,1/06/1854
Gunning; Brian Edgar Scourse,Fellow,20/03/1980
Gunning; John (- 1798),Fellow,25/04/1782
Gunther; Albert Charles Lewis Gotthilf (1830 - 1914),Fellow,6/06/1867
Guppy; Henry Brougham (1854 - 1926),Fellow,02/05/1918
Gurdon; Sir; John Bertrand,Fellow,18/03/1971
Gurney; Hudson (1775 - 1864); Antiquary and Poet,Fellow,15/01/1818
Gurney; Russell (1804 - 1878),Fellow,22/04/1875
Gustav Adolf (1882 - 1973); King of Sweden,Royal Fellow,21/05/1959
Gutfreund; Herbert,Fellow,19/03/1981
Guthrie; Frederick (1833 - 1886),Fellow,8/06/1871
Guthrie; George James (1785 - 1856),Fellow,24/05/1827
Guthrie; Matthew (- 1807),Fellow,11/04/1782
Guttmann; Sir; Ludwig (1899 - 1980),Fellow,18/03/1976
Guy; Sir; Henry Lewis (1887 - 1956),Fellow,07/05/1936
Guy; William Augustus (1810 - 1885),Fellow,7/06/1866
Guyon; Claude Marie (1699 - 1771),Fellow,10/04/1746
Guyton de Morveau; Louis Bernard (1737 - 1816),Fellow,3/04/1788
Gwynne; Sir; Rowland (1658 - 1726),Fellow,23/11/1681
Gye; William Ewart (1884 - 1952),Fellow,17/03/1938
Gyllenborg; Carl (1679 - 1746),Fellow,30/11/1711
Haak; Theodore (1605 - 1690),Original Fellow,20/05/1663
Haast; Sir; Julius von (? 1824 - 1887),Fellow,6/06/1867
Hacon; Christopher Derek,Fellow,28/03/2019
Hadamard; Jacques (1865 - 1963),Foreign Member,02/06/1932
Hadcock; Sir; Albert George (1861 - 1936),Fellow,02/05/1918
Haddon; Alfred Cort (1855 - 1940),Fellow,1/06/1899
Haddow; Alexander John (1912 - 1978),Fellow,16/03/1972
Haddow; Sir; Alexander (1907 - 1976),Fellow,20/03/1958
Haddu; Muhammad ibn (fl 1682),Fellow,26/04/1682
Hadfield; Sir; Robert Abbott (1858 - 1940); Metallurgist,Fellow,06/05/1909
Hadley; George (1685 - 1768),Fellow,20/02/1735
Hadley; John (1682 - 1744),Fellow,21/03/1717
Hadley; John (1731 - 1764),Fellow,25/05/1758